dataset,model,CR_number,ER_number,CR,RR,ER,GACE,RI,MY_MEASURE
anneal.arff,algorithm_mincov_5_threshold_0_6,0,0,"IF surface-quality = {E} THEN class = 3 (p=297, n=13, P=684, N=214)","IF carbon >= 3.50 THEN class = 3 (p=74, n=2, P=684, N=214)","IF surface-quality = {E} AND carbon >= 3.50 THEN class = U (p=2, n=0, P=40, N=858)",0.027043646448143218,4.612510799129679,0.5055668016194332
anneal.arff,algorithm_mincov_5_threshold_0_6,1,0,"IF carbon >= 3.50 THEN class = 3 (p=74, n=2, P=684, N=214)","IF surface-quality = {E} THEN class = 3 (p=297, n=13, P=684, N=214)","IF carbon >= 3.50 AND surface-quality = {E} THEN class = U (p=2, n=0, P=40, N=858)",0.014867822769160106,5.311476362193531,0.554093567251462
anneal.arff,algorithm_mincov_5_threshold_0_6,2,0,"IF width >= 1,410.05 THEN class = 2 (p=14, n=2, P=99, N=799)","IF strength >= 450.00 THEN class = 2 (p=19, n=11, P=99, N=799)","IF width >= 1,410.05 AND strength >= 450.00 THEN class = 3 (p=1, n=0, P=684, N=214)",0.004197406929772705,3.6638940727211673,0.4457070707070707
anneal.arff,algorithm_mincov_5_threshold_0_6,3,0,"IF strength >= 450.00 THEN class = 2 (p=19, n=11, P=99, N=799)","IF width >= 1,410.05 THEN class = 2 (p=14, n=2, P=99, N=799)","IF strength >= 450.00 AND width >= 1,410.05 THEN class = 3 (p=1, n=0, P=684, N=214)",0.004060435485422541,1.6427770226211675,0.3686868686868687
anneal.arff,algorithm_mincov_5_threshold_0_7,0,0,"IF surface-quality = {E} THEN class = 3 (p=297, n=13, P=684, N=214)","IF carbon >= 3.50 THEN class = 3 (p=74, n=2, P=684, N=214)","IF surface-quality = {E} AND carbon >= 3.50 THEN class = U (p=2, n=0, P=40, N=858)",0.027043646448143218,4.612510799129679,0.5055668016194332
anneal.arff,algorithm_mincov_5_threshold_0_7,1,0,"IF carbon >= 3.50 THEN class = 3 (p=74, n=2, P=684, N=214)","IF surface-quality = {E} THEN class = 3 (p=297, n=13, P=684, N=214)","IF carbon >= 3.50 AND surface-quality = {E} THEN class = U (p=2, n=0, P=40, N=858)",0.014867822769160106,5.311476362193531,0.554093567251462
anneal.arff,algorithm_mincov_5_threshold_0_8,0,0,"IF surface-quality = {E} THEN class = 3 (p=297, n=13, P=684, N=214)","IF carbon >= 3.50 THEN class = 3 (p=74, n=2, P=684, N=214)","IF surface-quality = {E} AND carbon >= 3.50 THEN class = U (p=2, n=0, P=40, N=858)",0.027043646448143218,4.612510799129679,0.5055668016194332
anneal.arff,algorithm_mincov_5_threshold_0_8,1,0,"IF carbon >= 3.50 THEN class = 3 (p=74, n=2, P=684, N=214)","IF surface-quality = {E} THEN class = 3 (p=297, n=13, P=684, N=214)","IF carbon >= 3.50 AND surface-quality = {E} THEN class = U (p=2, n=0, P=40, N=858)",0.014867822769160106,5.311476362193531,0.554093567251462
anneal.arff,algorithm_mincov_5_threshold_0_9,0,0,"IF surface-quality = {E} THEN class = 3 (p=297, n=13, P=684, N=214)","IF carbon >= 3.50 THEN class = 3 (p=74, n=2, P=684, N=214)","IF surface-quality = {E} AND carbon >= 3.50 THEN class = U (p=2, n=0, P=40, N=858)",0.027043646448143218,4.612510799129679,0.5055668016194332
anneal.arff,algorithm_mincov_5_threshold_0_9,1,0,"IF carbon >= 3.50 THEN class = 3 (p=74, n=2, P=684, N=214)","IF surface-quality = {E} THEN class = 3 (p=297, n=13, P=684, N=214)","IF carbon >= 3.50 AND surface-quality = {E} THEN class = U (p=2, n=0, P=40, N=858)",0.014867822769160106,5.311476362193531,0.554093567251462
anneal.arff,algorithm_mincov_0_1_threshold_0_6,0,0,"IF surface-quality = {E} THEN class = 3 (p=297, n=13, P=684, N=214)","IF carbon >= 3.50 THEN class = 3 (p=74, n=2, P=684, N=214)","IF surface-quality = {E} AND carbon >= 3.50 THEN class = U (p=2, n=0, P=40, N=858)",0.027043646448143218,4.612510799129679,0.5055668016194332
anneal.arff,algorithm_mincov_0_1_threshold_0_6,1,0,"IF carbon >= 3.50 THEN class = 3 (p=74, n=2, P=684, N=214)","IF surface-quality = {E} THEN class = 3 (p=297, n=13, P=684, N=214)","IF carbon >= 3.50 AND surface-quality = {E} THEN class = U (p=2, n=0, P=40, N=858)",0.014867822769160106,5.311476362193531,0.554093567251462
anneal.arff,algorithm_mincov_0_1_threshold_0_6,2,0,"IF width >= 1,410.05 THEN class = 2 (p=14, n=2, P=99, N=799)","IF strength >= 450.00 THEN class = 2 (p=19, n=11, P=99, N=799)","IF width >= 1,410.05 AND strength >= 450.00 THEN class = 3 (p=1, n=0, P=684, N=214)",0.004197406929772705,3.6638940727211673,0.4457070707070707
anneal.arff,algorithm_mincov_0_1_threshold_0_6,3,0,"IF strength >= 450.00 THEN class = 2 (p=19, n=11, P=99, N=799)","IF width >= 1,410.05 THEN class = 2 (p=14, n=2, P=99, N=799)","IF strength >= 450.00 AND width >= 1,410.05 THEN class = 3 (p=1, n=0, P=684, N=214)",0.004060435485422541,1.6427770226211675,0.3686868686868687
anneal.arff,algorithm_mincov_0_1_threshold_0_7,0,0,"IF surface-quality = {E} THEN class = 3 (p=297, n=13, P=684, N=214)","IF carbon >= 3.50 THEN class = 3 (p=74, n=2, P=684, N=214)","IF surface-quality = {E} AND carbon >= 3.50 THEN class = U (p=2, n=0, P=40, N=858)",0.027043646448143218,4.612510799129679,0.5055668016194332
anneal.arff,algorithm_mincov_0_1_threshold_0_7,1,0,"IF carbon >= 3.50 THEN class = 3 (p=74, n=2, P=684, N=214)","IF surface-quality = {E} THEN class = 3 (p=297, n=13, P=684, N=214)","IF carbon >= 3.50 AND surface-quality = {E} THEN class = U (p=2, n=0, P=40, N=858)",0.014867822769160106,5.311476362193531,0.554093567251462
anneal.arff,algorithm_mincov_0_1_threshold_0_8,0,0,"IF surface-quality = {E} THEN class = 3 (p=297, n=13, P=684, N=214)","IF carbon >= 3.50 THEN class = 3 (p=74, n=2, P=684, N=214)","IF surface-quality = {E} AND carbon >= 3.50 THEN class = U (p=2, n=0, P=40, N=858)",0.027043646448143218,4.612510799129679,0.5055668016194332
anneal.arff,algorithm_mincov_0_1_threshold_0_8,1,0,"IF carbon >= 3.50 THEN class = 3 (p=74, n=2, P=684, N=214)","IF surface-quality = {E} THEN class = 3 (p=297, n=13, P=684, N=214)","IF carbon >= 3.50 AND surface-quality = {E} THEN class = U (p=2, n=0, P=40, N=858)",0.014867822769160106,5.311476362193531,0.554093567251462
anneal.arff,algorithm_mincov_0_1_threshold_0_9,0,0,"IF surface-quality = {E} THEN class = 3 (p=297, n=13, P=684, N=214)","IF carbon >= 3.50 THEN class = 3 (p=74, n=2, P=684, N=214)","IF surface-quality = {E} AND carbon >= 3.50 THEN class = U (p=2, n=0, P=40, N=858)",0.027043646448143218,4.612510799129679,0.5055668016194332
anneal.arff,algorithm_mincov_0_1_threshold_0_9,1,0,"IF carbon >= 3.50 THEN class = 3 (p=74, n=2, P=684, N=214)","IF surface-quality = {E} THEN class = 3 (p=297, n=13, P=684, N=214)","IF carbon >= 3.50 AND surface-quality = {E} THEN class = U (p=2, n=0, P=40, N=858)",0.014867822769160106,5.311476362193531,0.554093567251462
autos.arff,algorithm_mincov_0_1_threshold_0_6,0,0,"IF num-of-doors = {four} AND compression-ratio <= 9.00 THEN class = 0 (p=44, n=26, P=67, N=138)","IF peak-rpm <= 4,250.00 THEN class = 0 (p=8, n=5, P=67, N=138)","IF num-of-doors = {four} AND compression-ratio <= 9.00 AND peak-rpm <= 4,250.00 THEN class = -1 (p=4, n=2, P=22, N=183)",0.05932061551375352,1.0586081784400474,0.533486414083429
bupa-liver-disorders.arff,algorithm_mincov_5_threshold_0_6,0,0,"IF sgot >= 22.00 THEN class = 2 (p=124, n=70, P=200, N=145)","IF sgpt <= 10.00 THEN class = 2 (p=7, n=2, P=200, N=145)","IF sgot >= 22.00 AND sgpt <= 10.00 THEN class = 1 (p=2, n=1, P=145, N=200)",0.0030389008976784014,0.8281657450643365,0.4838095238095238
credit-g.arff,algorithm_mincov_5_threshold_0_6,0,0,"IF credit_history = {all paid} AND other_payment_plans = {none} THEN class = bad (p=13, n=4, P=300, N=700)","IF credit_amount >= 10,918.00 THEN class = bad (p=22, n=9, P=300, N=700)","IF credit_history = {all paid} AND other_payment_plans = {none} AND credit_amount >= 10,918.00 THEN class = good (p=1, n=0, P=700, N=300)",0.002406845869045462,2.585263956408167,0.33416666666666667
credit-g.arff,algorithm_mincov_5_threshold_0_6,1,0,"IF checking_status = {<0} AND duration >= 31.50 THEN class = bad (p=36, n=13, P=300, N=700)","IF credit_amount >= 10,331.50 THEN class = bad (p=22, n=14, P=300, N=700)","IF checking_status = {<0} AND duration >= 31.50 AND credit_amount >= 10,331.50 THEN class = good (p=3, n=1, P=700, N=300)",0.0010037447314277454,1.6660573456977052,0.3051923076923077
credit-g.arff,algorithm_mincov_5_threshold_0_6,2,0,"IF checking_status = {<0} AND credit_amount >= 4,802.50 THEN class = bad (p=33, n=17, P=300, N=700)","IF credit_amount >= 12,296.50 THEN class = bad (p=14, n=5, P=300, N=700)","IF checking_status = {<0} AND credit_amount >= 4,802.50 AND credit_amount >= 12,296.50 THEN class = good (p=2, n=1, P=700, N=300)",0.00047174490826226923,0.9465055511275824,0.25107843137254904
credit-g.arff,algorithm_mincov_5_threshold_0_6,3,0,"IF checking_status = {<0} AND duration >= 15.50 AND purpose = {new car} THEN class = bad (p=25, n=9, P=300, N=700)","IF credit_amount >= 9,569.00 THEN class = bad (p=27, n=17, P=300, N=700)","IF checking_status = {<0} AND duration >= 15.50 AND purpose = {new car} AND credit_amount >= 9,569.00 THEN class = good (p=1, n=0, P=700, N=300)",0.0031844691155992555,2.6236629553321693,0.3194444444444445
credit-g.arff,algorithm_mincov_5_threshold_0_6,4,0,"IF checking_status = {<0} AND duration >= 15.50 AND savings_status = {<100} THEN class = bad (p=82, n=48, P=300, N=700)","IF credit_amount >= 14,248.50 THEN class = bad (p=8, n=2, P=300, N=700)","IF checking_status = {<0} AND duration >= 15.50 AND savings_status = {<100} AND credit_amount >= 14,248.50 THEN class = good (p=1, n=0, P=700, N=300)",0.004737705839159834,1.7602160502440225,0.391875
credit-g.arff,algorithm_mincov_5_threshold_0_7,0,0,"IF credit_history = {all paid} AND other_payment_plans = {none} THEN class = bad (p=13, n=4, P=300, N=700)","IF credit_amount >= 10,918.00 THEN class = bad (p=22, n=9, P=300, N=700)","IF credit_history = {all paid} AND other_payment_plans = {none} AND credit_amount >= 10,918.00 THEN class = good (p=1, n=0, P=700, N=300)",0.002406845869045462,2.585263956408167,0.33416666666666667
credit-g.arff,algorithm_mincov_5_threshold_0_7,1,0,"IF checking_status = {<0} AND duration >= 31.50 THEN class = bad (p=36, n=13, P=300, N=700)","IF credit_amount >= 12,296.50 THEN class = bad (p=14, n=5, P=300, N=700)","IF checking_status = {<0} AND duration >= 31.50 AND credit_amount >= 12,296.50 THEN class = good (p=2, n=0, P=700, N=300)",0.005398883447829015,2.3607866886077584,0.34846153846153843
cylinder-bands.arff,algorithm_mincov_5_threshold_0_6,0,0,"IF press_speed <= 1,335.00 THEN class = band (p=20, n=6, P=228, N=312)","IF hardener <= 0.35 THEN class = band (p=12, n=1, P=228, N=312)","IF press_speed <= 1,335.00 AND hardener <= 0.35 THEN class = noband (p=1, n=0, P=312, N=228)",0.005041226706247621,2.2349728144721723,0.3355263157894737
cylinder-bands.arff,algorithm_mincov_5_threshold_0_6,1,0,"IF roller_durometer <= 28.00 THEN class = noband (p=10, n=1, P=312, N=228)","IF press_speed >= 1,735.00 THEN class = noband (p=186, n=123, P=312, N=228)","IF roller_durometer <= 28.00 AND press_speed >= 1,735.00 THEN class = band (p=1, n=0, P=228, N=312)",0.004294630636352289,4.19387348014918,0.516025641025641
cylinder-bands.arff,algorithm_mincov_5_threshold_0_7,0,0,"IF press_speed <= 1,335.00 THEN class = band (p=20, n=6, P=228, N=312)","IF hardener <= 0.35 THEN class = band (p=12, n=1, P=228, N=312)","IF press_speed <= 1,335.00 AND hardener <= 0.35 THEN class = noband (p=1, n=0, P=312, N=228)",0.005041226706247621,2.2349728144721723,0.3355263157894737
cylinder-bands.arff,algorithm_mincov_5_threshold_0_7,1,0,"IF roller_durometer <= 28.00 THEN class = noband (p=10, n=1, P=312, N=228)","IF ESA_Voltage >= 1.75 THEN class = noband (p=97, n=38, P=312, N=228)","IF roller_durometer <= 28.00 AND ESA_Voltage >= 1.75 THEN class = band (p=1, n=0, P=228, N=312)",0.004294630636352289,3.939564712511609,0.516025641025641
cylinder-bands.arff,algorithm_mincov_5_threshold_0_8,0,0,"IF roller_durometer <= 33.00 AND ink_pct <= 52.60 THEN class = noband (p=40, n=3, P=312, N=228)","IF humifity <= 64.00 THEN class = noband (p=11, n=2, P=312, N=228)","IF roller_durometer <= 33.00 AND ink_pct <= 52.60 AND humifity <= 64.00 THEN class = band (p=1, n=0, P=228, N=312)",0.009165088234272409,4.087600117722927,0.3974358974358974
diabetes.arff,algorithm_mincov_5_threshold_0_6,0,0,"IF mass >= 48.10 THEN class = tested_positive (p=12, n=2, P=268, N=500)","IF insu >= 452.50 THEN class = tested_positive (p=12, n=5, P=268, N=500)","IF mass >= 48.10 AND insu >= 452.50 THEN class = tested_negative (p=1, n=0, P=500, N=268)",0.0034260606072555795,3.31560400933064,0.39738805970149255
diabetes.arff,algorithm_mincov_5_threshold_0_6,1,0,"IF mass >= 30.25 AND pedi >= 0.51 AND plas >= 79.50 THEN class = tested_positive (p=103, n=65, P=268, N=500)","IF insu >= 479.00 THEN class = tested_positive (p=9, n=5, P=268, N=500)","IF mass >= 30.25 AND pedi >= 0.51 AND plas >= 79.50 AND insu >= 479.00 THEN class = tested_negative (p=4, n=2, P=500, N=268)",0.0005268172260995132,0.9576490043025696,0.37421546115575965
diabetes.arff,algorithm_mincov_5_threshold_0_7,0,0,"IF mass >= 48.10 THEN class = tested_positive (p=12, n=2, P=268, N=500)","IF insu >= 452.50 THEN class = tested_positive (p=12, n=5, P=268, N=500)","IF mass >= 48.10 AND insu >= 452.50 THEN class = tested_negative (p=1, n=0, P=500, N=268)",0.0034260606072555795,3.31560400933064,0.39738805970149255
ecoli.arff,algorithm_mincov_0_1_threshold_0_6,0,0,"IF alm1 <= 0.39 THEN class = cp (p=118, n=20, P=143, N=193)","IF alm1 <= 0.53 AND alm2 >= 0.47 THEN class = cp (p=22, n=9, P=143, N=193)","IF alm1 <= 0.39 AND alm1 <= 0.53 AND alm2 >= 0.47 THEN class = im (p=1, n=0, P=77, N=259)",0.03857604127973624,3.278286152259625,0.6750874125874127
ecoli.arff,algorithm_mincov_0_1_threshold_0_7,0,0,"IF alm1 <= 0.39 THEN class = cp (p=118, n=20, P=143, N=193)","IF alm1 <= 0.52 AND alm2 >= 0.48 THEN class = cp (p=21, n=8, P=143, N=193)","IF alm1 <= 0.39 AND alm1 <= 0.52 AND alm2 >= 0.48 THEN class = im (p=1, n=0, P=77, N=259)",0.03857604127973624,3.249364760039425,0.6750874125874127
horse-colic.arff,algorithm_mincov_5_threshold_0_6,0,0,"IF respiratory_rate >= 30.00 THEN class = yes (p=95, n=38, P=232, N=136)","IF rectal_temperature <= 37.30 THEN class = yes (p=22, n=11, P=232, N=136)","IF respiratory_rate >= 30.00 AND rectal_temperature <= 37.30 THEN class = no (p=7, n=4, P=136, N=232)",0.007166019954061287,1.1151064486478857,0.40988491998020127
kdd-synthetic-control.arff,algorithm_mincov_5_threshold_0_6,0,0,"IF col_40 >= 50.62 THEN class = Upward_shift (p=13, n=5, P=100, N=500)","IF col_34 >= 48.52 THEN class = Upward_shift (p=10, n=4, P=100, N=500)","IF col_40 >= 50.62 AND col_34 >= 48.52 THEN class = Increasing_trend (p=1, n=0, P=100, N=500)",0.01185610923966335,2.339007895803665,0.365
kdd-synthetic-control.arff,algorithm_mincov_5_threshold_0_6,1,0,"IF col_35 <= 10.18 THEN class = Downward_shift (p=9, n=2, P=100, N=500)","IF col_32 <= 12.17 THEN class = Downward_shift (p=10, n=4, P=100, N=500)","IF col_35 <= 10.18 AND col_32 <= 12.17 THEN class = Decreasing_trend (p=1, n=0, P=100, N=500)",0.010807378853409353,2.9526458213774913,0.42
kdd-synthetic-control.arff,algorithm_mincov_5_threshold_0_7,0,0,"IF col_40 >= 50.62 THEN class = Upward_shift (p=13, n=5, P=100, N=500)","IF col_34 >= 48.52 THEN class = Upward_shift (p=10, n=4, P=100, N=500)","IF col_40 >= 50.62 AND col_34 >= 48.52 THEN class = Increasing_trend (p=1, n=0, P=100, N=500)",0.01185610923966335,2.339007895803665,0.365
kdd-synthetic-control.arff,algorithm_mincov_5_threshold_0_7,1,0,"IF col_35 <= 10.18 THEN class = Downward_shift (p=9, n=2, P=100, N=500)","IF col_32 <= 12.17 THEN class = Downward_shift (p=10, n=4, P=100, N=500)","IF col_35 <= 10.18 AND col_32 <= 12.17 THEN class = Decreasing_trend (p=1, n=0, P=100, N=500)",0.010807378853409353,2.9526458213774913,0.42
mushroom.arff,algorithm_mincov_5_threshold_0_6,0,0,"IF gill-size = {n} THEN class = p (p=2224, n=288, P=3916, N=4208)","IF spore-print-color = {h} THEN class = p (p=1584, n=48, P=3916, N=4208)","IF gill-size = {n} AND spore-print-color = {h} THEN class = e (p=48, n=0, P=4208, N=3916)",0.03023190298394822,3.163543061756459,0.5756298944501193
mushroom.arff,algorithm_mincov_5_threshold_0_6,1,0,"IF odor = {n} THEN class = e (p=3408, n=120, P=4208, N=3916)","IF stalk-root = {c} THEN class = e (p=512, n=44, P=4208, N=3916)","IF odor = {n} AND stalk-root = {c} THEN class = p (p=8, n=0, P=3916, N=4208)",0.01823367320406558,4.9959029976219655,0.6716096324461344
mushroom.arff,algorithm_mincov_5_threshold_0_7,0,0,"IF gill-size = {n} THEN class = p (p=2224, n=288, P=3916, N=4208)","IF spore-print-color = {h} THEN class = p (p=1584, n=48, P=3916, N=4208)","IF gill-size = {n} AND spore-print-color = {h} THEN class = e (p=48, n=0, P=4208, N=3916)",0.03023190298394822,3.163543061756459,0.5756298944501193
mushroom.arff,algorithm_mincov_5_threshold_0_7,1,0,"IF odor = {n} THEN class = e (p=3408, n=120, P=4208, N=3916)","IF stalk-root = {c} THEN class = e (p=512, n=44, P=4208, N=3916)","IF odor = {n} AND stalk-root = {c} THEN class = p (p=8, n=0, P=3916, N=4208)",0.01823367320406558,4.9959029976219655,0.6716096324461344
mushroom.arff,algorithm_mincov_5_threshold_0_8,0,0,"IF gill-size = {n} THEN class = p (p=2224, n=288, P=3916, N=4208)","IF spore-print-color = {h} THEN class = p (p=1584, n=48, P=3916, N=4208)","IF gill-size = {n} AND spore-print-color = {h} THEN class = e (p=48, n=0, P=4208, N=3916)",0.03023190298394822,3.163543061756459,0.5756298944501193
mushroom.arff,algorithm_mincov_5_threshold_0_8,1,0,"IF odor = {n} THEN class = e (p=3408, n=120, P=4208, N=3916)","IF stalk-root = {c} THEN class = e (p=512, n=44, P=4208, N=3916)","IF odor = {n} AND stalk-root = {c} THEN class = p (p=8, n=0, P=3916, N=4208)",0.01823367320406558,4.9959029976219655,0.6716096324461344
mushroom.arff,algorithm_mincov_5_threshold_0_9,0,0,"IF gill-size = {n} AND gill-spacing = {c} THEN class = p (p=2112, n=144, P=3916, N=4208)","IF spore-print-color = {h} THEN class = p (p=1584, n=48, P=3916, N=4208)","IF gill-size = {n} AND gill-spacing = {c} AND spore-print-color = {h} THEN class = e (p=48, n=0, P=4208, N=3916)",0.03310297084732844,4.01438208476141,0.6029962546816479
mushroom.arff,algorithm_mincov_5_threshold_0_9,1,0,"IF gill-size = {n} AND bruises? = {f} THEN class = p (p=1960, n=192, P=3916, N=4208)","IF spore-print-color = {h} THEN class = p (p=1584, n=48, P=3916, N=4208)","IF gill-size = {n} AND bruises? = {f} AND spore-print-color = {h} THEN class = e (p=48, n=0, P=4208, N=3916)",0.03009356194564578,3.528803379987346,0.5627553626149131
mushroom.arff,algorithm_mincov_5_threshold_0_9,2,0,"IF odor = {n} THEN class = e (p=3408, n=120, P=4208, N=3916)","IF stalk-root = {c} THEN class = e (p=512, n=44, P=4208, N=3916)","IF odor = {n} AND stalk-root = {c} THEN class = p (p=8, n=0, P=3916, N=4208)",0.01823367320406558,4.9959029976219655,0.6716096324461344
mushroom.arff,algorithm_mincov_0_1_threshold_0_6,0,0,"IF gill-size = {n} THEN class = p (p=2224, n=288, P=3916, N=4208)","IF spore-print-color = {h} THEN class = p (p=1584, n=48, P=3916, N=4208)","IF gill-size = {n} AND spore-print-color = {h} THEN class = e (p=48, n=0, P=4208, N=3916)",0.03023190298394822,3.163543061756459,0.5756298944501193
mushroom.arff,algorithm_mincov_0_1_threshold_0_6,1,0,"IF odor = {n} THEN class = e (p=3408, n=120, P=4208, N=3916)","IF stalk-root = {c} THEN class = e (p=512, n=44, P=4208, N=3916)","IF odor = {n} AND stalk-root = {c} THEN class = p (p=8, n=0, P=3916, N=4208)",0.01823367320406558,4.9959029976219655,0.6716096324461344
mushroom.arff,algorithm_mincov_0_1_threshold_0_6,2,0,"IF bruises? = {t} THEN class = e (p=2752, n=624, P=4208, N=3916)","IF stalk-root = {e} THEN class = e (p=864, n=256, P=4208, N=3916)","IF bruises? = {t} AND stalk-root = {e} THEN class = p (p=256, n=0, P=3916, N=4208)",0.061874166920567436,2.847355080213787,0.6795603002827337
mushroom.arff,algorithm_mincov_0_1_threshold_0_7,0,0,"IF gill-size = {n} THEN class = p (p=2224, n=288, P=3916, N=4208)","IF spore-print-color = {h} THEN class = p (p=1584, n=48, P=3916, N=4208)","IF gill-size = {n} AND spore-print-color = {h} THEN class = e (p=48, n=0, P=4208, N=3916)",0.03023190298394822,3.163543061756459,0.5756298944501193
mushroom.arff,algorithm_mincov_0_1_threshold_0_7,1,0,"IF odor = {n} THEN class = e (p=3408, n=120, P=4208, N=3916)","IF stalk-root = {c} THEN class = e (p=512, n=44, P=4208, N=3916)","IF odor = {n} AND stalk-root = {c} THEN class = p (p=8, n=0, P=3916, N=4208)",0.01823367320406558,4.9959029976219655,0.6716096324461344
mushroom.arff,algorithm_mincov_0_1_threshold_0_7,2,0,"IF bruises? = {t} THEN class = e (p=2752, n=624, P=4208, N=3916)","IF stalk-root = {e} THEN class = e (p=864, n=256, P=4208, N=3916)","IF bruises? = {t} AND stalk-root = {e} THEN class = p (p=256, n=0, P=3916, N=4208)",0.061874166920567436,2.847355080213787,0.6795603002827337
mushroom.arff,algorithm_mincov_0_1_threshold_0_8,0,0,"IF gill-size = {n} THEN class = p (p=2224, n=288, P=3916, N=4208)","IF spore-print-color = {h} THEN class = p (p=1584, n=48, P=3916, N=4208)","IF gill-size = {n} AND spore-print-color = {h} THEN class = e (p=48, n=0, P=4208, N=3916)",0.03023190298394822,3.163543061756459,0.5756298944501193
mushroom.arff,algorithm_mincov_0_1_threshold_0_8,1,0,"IF odor = {n} THEN class = e (p=3408, n=120, P=4208, N=3916)","IF stalk-root = {c} THEN class = e (p=512, n=44, P=4208, N=3916)","IF odor = {n} AND stalk-root = {c} THEN class = p (p=8, n=0, P=3916, N=4208)",0.01823367320406558,4.9959029976219655,0.6716096324461344
mushroom.arff,algorithm_mincov_0_1_threshold_0_9,0,0,"IF odor = {n} THEN class = e (p=3408, n=120, P=4208, N=3916)","IF stalk-root = {c} THEN class = e (p=512, n=44, P=4208, N=3916)","IF odor = {n} AND stalk-root = {c} THEN class = p (p=8, n=0, P=3916, N=4208)",0.01823367320406558,4.9959029976219655,0.6716096324461344
segment.arff,algorithm_mincov_5_threshold_0_6,0,0,"IF vedge-mean <= 0.22 THEN class = window (p=91, n=38, P=330, N=1980)","IF hedge-mean <= 0.44 AND vegde-sd >= 0.30 THEN class = window (p=52, n=23, P=330, N=1980)","IF vedge-mean <= 0.22 AND hedge-mean <= 0.44 AND vegde-sd >= 0.30 THEN class = foliage (p=2, n=0, P=330, N=1980)",0.012609197132809459,2.2925794220878664,0.40103668261562997
segment.arff,algorithm_mincov_5_threshold_0_6,1,0,"IF vedge-mean <= 0.28 THEN class = window (p=104, n=64, P=330, N=1980)","IF hedge-mean <= 0.44 AND vegde-sd >= 0.25 THEN class = window (p=59, n=26, P=330, N=1980)","IF vedge-mean <= 0.28 AND hedge-mean <= 0.44 AND vegde-sd >= 0.25 THEN class = foliage (p=5, n=2, P=330, N=1980)",0.015150855266511673,1.0271290698969422,0.35567843614718614
segment.arff,algorithm_mincov_5_threshold_0_6,2,0,"IF rawblue-mean <= 3.22 THEN class = window (p=109, n=71, P=330, N=1980)","IF hedge-mean <= 0.44 AND exblue-mean >= 4.00 THEN class = window (p=71, n=47, P=330, N=1980)","IF rawblue-mean <= 3.22 AND hedge-mean <= 0.44 AND exblue-mean >= 4.00 THEN class = foliage (p=20, n=13, P=330, N=1980)",0.02738976793961683,0.8459052587630487,0.3870892018779343
sick-euthyroid.arff,algorithm_mincov_5_threshold_0_6,0,0,"IF T4U <= 1.00 AND T3 <= 2.60 AND TT4 >= 156.00 AND TSH <= 0.33 THEN class = sick (p=14, n=9, P=231, N=3541)","IF T3 <= 1.10 THEN class = sick (p=206, n=105, P=231, N=3541)","IF T4U <= 1.00 AND T3 <= 2.60 AND TT4 >= 156.00 AND TSH <= 0.33 AND T3 <= 1.10 THEN class = negative (p=1, n=0, P=3541, N=231)",0.00047373090442199786,1.948176310694031,0.30808080808080807
sonar.arff,algorithm_mincov_5_threshold_0_6,0,0,"IF attribute_44 >= 0.43 THEN class = Mine (p=22, n=1, P=111, N=97)","IF attribute_28 <= 0.46 THEN class = Mine (p=25, n=15, P=111, N=97)","IF attribute_44 >= 0.43 AND attribute_28 <= 0.46 THEN class = Rock (p=1, n=0, P=97, N=111)",0.019597724634538134,5.212628482072478,0.5990990990990991
sonar.arff,algorithm_mincov_5_threshold_0_6,1,0,"IF attribute_28 >= 0.99 THEN class = Mine (p=16, n=1, P=111, N=97)","IF attribute_2 >= 0.06 THEN class = Mine (p=29, n=9, P=111, N=97)","IF attribute_28 >= 0.99 AND attribute_2 >= 0.06 THEN class = Rock (p=1, n=0, P=97, N=111)",0.016036641949077602,4.4875982967219885,0.5720720720720721
sonar.arff,algorithm_mincov_5_threshold_0_7,0,0,"IF attribute_28 >= 0.99 THEN class = Mine (p=16, n=1, P=111, N=97)","IF attribute_2 >= 0.06 THEN class = Mine (p=29, n=9, P=111, N=97)","IF attribute_28 >= 0.99 AND attribute_2 >= 0.06 THEN class = Rock (p=1, n=0, P=97, N=111)",0.016036641949077602,4.4875982967219885,0.5720720720720721
sonar.arff,algorithm_mincov_5_threshold_0_8,0,0,"IF attribute_28 >= 0.99 THEN class = Mine (p=16, n=1, P=111, N=97)","IF attribute_1 >= 0.07 THEN class = Mine (p=13, n=2, P=111, N=97)","IF attribute_28 >= 0.99 AND attribute_1 >= 0.07 THEN class = Rock (p=1, n=0, P=97, N=111)",0.016036641949077602,4.308725834080187,0.5720720720720721
sonar.arff,algorithm_mincov_0_1_threshold_0_6,0,0,"IF attribute_44 >= 0.43 THEN class = Mine (p=22, n=1, P=111, N=97)","IF attribute_28 <= 0.46 THEN class = Mine (p=25, n=15, P=111, N=97)","IF attribute_44 >= 0.43 AND attribute_28 <= 0.46 THEN class = Rock (p=1, n=0, P=97, N=111)",0.019597724634538134,5.212628482072478,0.5990990990990991
sonar.arff,algorithm_mincov_0_1_threshold_0_6,1,0,"IF attribute_28 >= 0.99 THEN class = Mine (p=16, n=1, P=111, N=97)","IF attribute_2 >= 0.06 THEN class = Mine (p=29, n=9, P=111, N=97)","IF attribute_28 >= 0.99 AND attribute_2 >= 0.06 THEN class = Rock (p=1, n=0, P=97, N=111)",0.016036641949077602,4.4875982967219885,0.5720720720720721
sonar.arff,algorithm_mincov_0_1_threshold_0_7,0,0,"IF attribute_28 >= 0.99 THEN class = Mine (p=16, n=1, P=111, N=97)","IF attribute_2 >= 0.06 THEN class = Mine (p=29, n=9, P=111, N=97)","IF attribute_28 >= 0.99 AND attribute_2 >= 0.06 THEN class = Rock (p=1, n=0, P=97, N=111)",0.016036641949077602,4.4875982967219885,0.5720720720720721
sonar.arff,algorithm_mincov_0_1_threshold_0_8,0,0,"IF attribute_28 >= 0.99 THEN class = Mine (p=16, n=1, P=111, N=97)","IF attribute_1 >= 0.07 THEN class = Mine (p=13, n=2, P=111, N=97)","IF attribute_28 >= 0.99 AND attribute_1 >= 0.07 THEN class = Rock (p=1, n=0, P=97, N=111)",0.016036641949077602,4.308725834080187,0.5720720720720721
vehicle.arff,algorithm_mincov_5_threshold_0_6,0,0,"IF SCATTER_RATIO <= 145.00 AND MAX.LENGTH_ASPECT_RATIO >= 8.50 THEN class = van (p=22, n=2, P=199, N=647)","IF SCALED_VARIANCE_MAJOR <= 145.00 THEN class = van (p=29, n=19, P=199, N=647)","IF SCATTER_RATIO <= 145.00 AND MAX.LENGTH_ASPECT_RATIO >= 8.50 AND SCALED_VARIANCE_MAJOR <= 145.00 THEN class = opel (p=1, n=0, P=212, N=634)",0.010128734282242235,4.316131829531235,0.43027638190954776
vehicle.arff,algorithm_mincov_5_threshold_0_6,1,0,"IF SCALED_VARIANCE_MAJOR <= 168.00 AND MAX.LENGTH_ASPECT_RATIO >= 9.00 THEN class = van (p=34, n=2, P=199, N=647)","IF SCALED_VARIANCE_MAJOR <= 145.00 THEN class = van (p=29, n=19, P=199, N=647)","IF SCALED_VARIANCE_MAJOR <= 168.00 AND MAX.LENGTH_ASPECT_RATIO >= 9.00 AND SCALED_VARIANCE_MAJOR <= 145.00 THEN class = opel (p=1, n=0, P=212, N=634)",0.01300399763039179,4.901094330252391,0.46042713567839194
vehicle.arff,algorithm_mincov_5_threshold_0_6,2,0,"IF SKEWNESS_ABOUT_MAJOR >= 79.50 THEN class = bus (p=88, n=50, P=218, N=628)","IF PR.AXIS_ASPECT_RATIO >= 73.00 THEN class = bus (p=21, n=9, P=218, N=628)","IF SKEWNESS_ABOUT_MAJOR >= 79.50 AND PR.AXIS_ASPECT_RATIO >= 73.00 THEN class = van (p=6, n=3, P=199, N=647)",0.021900732428487436,0.9429296725723347,0.39850152905198777
vehicle.arff,algorithm_mincov_5_threshold_0_6,3,0,"IF PR.AXIS_ASPECT_RATIO >= 70.50 THEN class = bus (p=38, n=17, P=218, N=628)","IF SKEWNESS_ABOUT_MAJOR >= 83.00 THEN class = bus (p=52, n=31, P=218, N=628)","IF PR.AXIS_ASPECT_RATIO >= 70.50 AND SKEWNESS_ABOUT_MAJOR >= 83.00 THEN class = van (p=6, n=3, P=199, N=647)",0.015712760905798002,1.2046713109561211,0.34205792408706603
vehicle.arff,algorithm_mincov_5_threshold_0_6,4,0,"IF PR.AXIS_ASPECT_RATIO >= 69.50 THEN class = bus (p=48, n=25, P=218, N=628)","IF SKEWNESS_ABOUT_MAJOR >= 83.00 THEN class = bus (p=52, n=31, P=218, N=628)","IF PR.AXIS_ASPECT_RATIO >= 69.50 AND SKEWNESS_ABOUT_MAJOR >= 83.00 THEN class = van (p=6, n=3, P=199, N=647)",0.016737078468225614,1.1021062567262419,0.33675840978593274
vehicle.arff,algorithm_mincov_0_1_threshold_0_6,0,0,"IF SCALED_VARIANCE_MAJOR <= 168.00 AND MAX.LENGTH_ASPECT_RATIO >= 9.00 THEN class = van (p=34, n=2, P=199, N=647)","IF SCALED_VARIANCE_MAJOR <= 145.00 THEN class = van (p=29, n=19, P=199, N=647)","IF SCALED_VARIANCE_MAJOR <= 168.00 AND MAX.LENGTH_ASPECT_RATIO >= 9.00 AND SCALED_VARIANCE_MAJOR <= 145.00 THEN class = opel (p=1, n=0, P=212, N=634)",0.01300399763039179,4.901094330252391,0.46042713567839194
vehicle.arff,algorithm_mincov_0_1_threshold_0_6,1,0,"IF PR.AXIS_ASPECT_RATIO >= 70.50 THEN class = bus (p=38, n=17, P=218, N=628)","IF SKEWNESS_ABOUT_MAJOR >= 83.00 THEN class = bus (p=52, n=31, P=218, N=628)","IF PR.AXIS_ASPECT_RATIO >= 70.50 AND SKEWNESS_ABOUT_MAJOR >= 83.00 THEN class = van (p=6, n=3, P=199, N=647)",0.015712760905798002,1.2046713109561211,0.34205792408706603
yeast.arff,algorithm_mincov_5_threshold_0_6,0,0,"IF gvh <= 0.24 THEN class = NUC (p=14, n=6, P=429, N=1055)","IF vac <= 0.25 THEN class = NUC (p=5, n=3, P=429, N=1055)","IF gvh <= 0.24 AND vac <= 0.25 THEN class = CYT (p=3, n=0, P=463, N=1021)",0.0048777802773508705,2.4286384166398207,0.3913170163170163
yeast.arff,algorithm_mincov_5_threshold_0_6,1,0,"IF alm >= 0.53 AND mit <= 0.13 AND mcg >= 0.49 AND vac >= 0.51 THEN class = NUC (p=9, n=4, P=429, N=1055)","IF nuc >= 0.37 THEN class = NUC (p=128, n=83, P=429, N=1055)","IF alm >= 0.53 AND mit <= 0.13 AND mcg >= 0.49 AND vac >= 0.51 AND nuc >= 0.37 THEN class = CYT (p=1, n=0, P=463, N=1021)",0.002228176327942635,2.4223530809441933,0.32298951048951047
yeast.arff,algorithm_mincov_5_threshold_0_6,2,0,"IF alm >= 0.53 AND mit <= 0.30 AND vac <= 0.52 AND mcg <= 0.58 AND mcg >= 0.54 THEN class = NUC (p=29, n=16, P=429, N=1055)","IF nuc >= 0.48 THEN class = NUC (p=60, n=23, P=429, N=1055)","IF alm >= 0.53 AND mit <= 0.30 AND vac <= 0.52 AND mcg <= 0.58 AND mcg >= 0.54 AND nuc >= 0.48 THEN class = CYT (p=1, n=0, P=463, N=1021)",0.0036590868567489268,1.9601474424448997,0.2994245337995338
yeast.arff,algorithm_mincov_5_threshold_0_7,0,0,"IF alm >= 0.53 AND mit <= 0.13 AND mcg >= 0.49 AND vac >= 0.51 AND mcg <= 0.65 THEN class = NUC (p=9, n=2, P=429, N=1055)","IF nuc >= 0.48 THEN class = NUC (p=60, n=23, P=429, N=1055)","IF alm >= 0.53 AND mit <= 0.13 AND mcg >= 0.49 AND vac >= 0.51 AND mcg <= 0.65 AND nuc >= 0.48 THEN class = CYT (p=1, n=0, P=463, N=1021)",0.0027028448843392484,2.9297475280948406,0.38548951048951047
yeast.arff,algorithm_mincov_5_threshold_0_7,1,0,"IF alm >= 0.47 AND mit <= 0.25 AND nuc <= 0.31 AND vac >= 0.56 AND mit >= 0.20 THEN class = CYT (p=12, n=3, P=463, N=1021)","IF alm >= 0.69 THEN class = CYT (p=12, n=3, P=463, N=1021)","IF alm >= 0.47 AND mit <= 0.25 AND nuc <= 0.31 AND vac >= 0.56 AND mit >= 0.20 AND alm >= 0.69 THEN class = MIT (p=1, n=0, P=244, N=1240)",0.0035993781586366614,2.647119464395629,0.3462922966162707
yeast.arff,algorithm_mincov_5_threshold_0_7,2,0,"IF alm >= 0.47 AND mit <= 0.25 AND nuc <= 0.31 AND vac >= 0.56 AND vac <= 0.57 THEN class = CYT (p=19, n=5, P=463, N=1021)","IF alm >= 0.69 THEN class = CYT (p=12, n=3, P=463, N=1021)","IF alm >= 0.47 AND mit <= 0.25 AND nuc <= 0.31 AND vac >= 0.56 AND vac <= 0.57 AND alm >= 0.69 THEN class = MIT (p=1, n=0, P=244, N=1240)",0.004471543905504529,2.5877291677988223,0.3205183585313175
