dataset,CR_number,CR,RR,ER,CR vs ER p_value,RR vs ER p_value,CR vs RR p_value,CR RMST,RR RMST,ER RMST,median_survival_time_CR,median_survival_time_RR,median_survival_time_ER
01_lung.arff,0,"IF Stage4 = {0} THEN survival_status = {1298.0} (p=759, n=0, P=1032, N=0)","IF Cell_Type <= 1.50 THEN survival_status = {1354.0} (p=650, n=0, P=1032, N=0)","IF Stage4 = {0} AND Cell_Type <= 1.50 THEN survival_status = {1627.0} (p=529, n=0, P=1032, N=0)",0.009004553966070694,0.015446361912867412,0.923648114171242,1737.51744173422,1745.2841891610658,1983.1805186767483,1298.0,1354.0,1627.0
02_csb-ch15-lung.arff,0,"IF Stage4 = {0} THEN survival_status = {1298.0} (p=759, n=0, P=1032, N=0)","IF Cell_Type <= 1.50 THEN survival_status = {1354.0} (p=650, n=0, P=1032, N=0)","IF Stage4 = {0} AND Cell_Type <= 1.50 THEN survival_status = {1627.0} (p=529, n=0, P=1032, N=0)",0.009004553966070694,0.015446361912867412,0.923648114171242,1737.51744173422,1745.2841891610658,1983.1805186767483,1298.0,1354.0,1627.0
03_csb-ch07-halibut.arff,0,"IF HANDTIME <= 15.50 THEN survival_status = {40.0} (p=199, n=0, P=294, N=0)","IF LOGCAT >= 4.59 THEN survival_status = {36.8} (p=140, n=0, P=294, N=0)","IF HANDTIME <= 15.50 AND LOGCAT >= 4.59 THEN survival_status = {117.0} (p=88, n=0, P=294, N=0)",0.0162419809675991,0.031034809285219067,0.9735793863978354,130.29977235999314,136.54282532637095,190.75133838383834,40.0,36.8,117.0
05_Rossi.arff,0,"IF age <= 19.50 THEN survival_status = {inf} (p=66, n=0, P=432, N=0)","IF prio >= 8.50 AND emp6 = {no} THEN survival_status = {inf} (p=21, n=0, P=432, N=0)","IF age <= 19.50 AND prio >= 8.50 AND emp6 = {no} THEN survival_status = {14.0} (p=4, n=0, P=432, N=0)",0.0074513652170469236,0.03947324361589277,0.9655117039637349,29.34848484848486,28.0,20.75,inf,inf,14.0
06_unemployed.arff,0,"IF age = {middle} THEN survival_status = {12.0} (p=163, n=0, P=300, N=0)","IF gender = {male} AND birth <= 205.50 THEN survival_status = {11.0} (p=147, n=0, P=300, N=0)","IF age = {middle} AND gender = {male} AND birth <= 205.50 THEN survival_status = {5.0} (p=70, n=0, P=300, N=0)",0.007195942655256693,0.008409337494684088,0.9988523163316816,16.96704997434132,17.399737457337345,11.475354107244357,12.0,11.0,5.0
07_Melanoma.arff,0,"IF thick <= 3.38 AND age >= 14.50 THEN survival_status = {inf} (p=143, n=0, P=205, N=0)","IF age <= 55.50 AND thick <= 12.16 THEN survival_status = {inf} (p=108, n=0, P=205, N=0)","IF thick <= 3.38 AND age >= 14.50 AND age <= 55.50 AND thick <= 12.16 THEN survival_status = {inf} (p=79, n=0, P=205, N=0)",0.04917277375357143,0.04938502616646412,0.8807040558069088,4299.765205043909,4261.451293242562,4809.763395357625,inf,inf,inf
08_mgus.arff,0,"IF age >= 62.50 THEN survival_status = {3318.0} (p=127, n=0, P=241, N=0)","IF hgb <= 12.85 THEN survival_status = {4066.0} (p=100, n=0, P=241, N=0)","IF age >= 62.50 AND hgb <= 12.85 THEN survival_status = {2587.0} (p=57, n=0, P=241, N=0)",0.04112283622888302,0.005287708566592886,0.23643192347868425,3731.112860892388,4025.196534880049,2885.6403508771928,3318.0,4066.0,2587.0
09_std.arff,0,"IF age >= 17.50 AND vagina <= 0.50 AND npartner <= 3.50 AND iinfct >= 1.50 THEN survival_status = {1090.0} (p=466, n=0, P=877, N=0)","IF race = {W} THEN survival_status = {1168.0} (p=292, n=0, P=877, N=0)","IF age >= 17.50 AND vagina <= 0.50 AND npartner <= 3.50 AND iinfct >= 1.50 AND race = {W} THEN survival_status = {inf} (p=179, n=0, P=877, N=0)",0.03807584049828372,0.04331359491239317,0.8700856800528062,894.7745249639102,909.361027600227,1048.2145505642834,1090.0,1168.0,inf
09_std.arff,1,"IF age >= 17.50 AND vagina <= 0.50 AND age <= 42.00 AND iinfct >= 1.50 THEN survival_status = {956.0} (p=469, n=0, P=877, N=0)","IF race = {W} THEN survival_status = {1168.0} (p=292, n=0, P=877, N=0)","IF age >= 17.50 AND vagina <= 0.50 AND age <= 42.00 AND iinfct >= 1.50 AND race = {W} THEN survival_status = {inf} (p=178, n=0, P=877, N=0)",0.030217767939936357,0.045192334220919395,0.9803511392926793,888.6653872562991,909.361027600227,1047.1584463109502,956.0,1168.0,inf
09_std.arff,2,"IF age <= 17.50 THEN survival_status = {400.0} (p=266, n=0, P=877, N=0)","IF dchexam <= 0.50 THEN survival_status = {390.0} (p=48, n=0, P=877, N=0)","IF age <= 17.50 AND dchexam <= 0.50 THEN survival_status = {225.0} (p=18, n=0, P=877, N=0)",0.01551151256672445,0.035645505634717356,0.9680586819336477,423.5262400458565,420.7871130118784,261.207671957672,400.0,390.0,225.0
11_follic.arff,0,"IF age >= 66.95 THEN survival_status = {3.761807} (p=140, n=0, P=541, N=0)","IF hgb <= 117.50 AND age >= 26.05 THEN survival_status = {3.403149} (p=29, n=0, P=541, N=0)","IF age >= 66.95 AND age <= 84.15 AND hgb <= 117.50 AND age >= 26.05 THEN survival_status = {1.880903} (p=11, n=0, P=541, N=0)",0.03990359551086342,0.04692133934842091,0.2009137630415112,5.332386263502682,6.6221165888594165,2.666417727272727,3.761807,3.403149,1.880903
13_uis.arff,0,"IF FRAC <= 0.94 THEN survival_status = {106.0} (p=348, n=0, P=575, N=0)","IF NDT >= 5.50 AND FRAC <= 1.56 THEN survival_status = {121.0} (p=144, n=0, P=575, N=0)","IF FRAC <= 0.94 AND NDT >= 5.50 AND FRAC <= 1.56 THEN survival_status = {80.0} (p=100, n=0, P=575, N=0)",0.019252548594922092,0.04238450253924542,0.9932658714996263,189.26276567598552,185.78819444444443,142.07999999999993,106.0,121.0,80.0
14_whas1.arff,0,"IF SHO <= 0.50 THEN survival_status = {3078.0} (p=443, n=0, P=481, N=0)","IF CPK >= 701.50 THEN survival_status = {4162.0} (p=200, n=0, P=481, N=0)","IF SHO <= 0.50 AND AGE <= 97.50 AND AGE <= 96.50 AND CPK >= 701.50 THEN survival_status = {inf} (p=173, n=0, P=481, N=0)",0.01475655315471458,0.044782624629699064,0.9561004304820044,3149.335783132311,3311.5802994959768,3824.5251464162125,3078.0,4162.0,inf
14_whas1.arff,1,"IF AGE <= 69.50 THEN survival_status = {inf} (p=262, n=0, P=481, N=0)","IF CHF <= 0.50 THEN survival_status = {4240.0} (p=285, n=0, P=481, N=0)","IF AGE <= 69.50 AND CHF <= 0.50 THEN survival_status = {inf} (p=188, n=0, P=481, N=0)",0.018679261445249784,0.0047497386391749385,0.6482616876573528,3810.594827261934,3704.767563044643,4375.314765223226,inf,4240.0,inf
14_whas1.arff,2,"IF AGE >= 66.50 THEN survival_status = {623.0} (p=252, n=0, P=481, N=0)","IF CPK >= 2,160.00 AND AGE >= 36.50 THEN survival_status = {910.0} (p=51, n=0, P=481, N=0)","IF AGE >= 66.50 AND CPK >= 2,160.00 AND AGE >= 36.50 THEN survival_status = {14.0} (p=24, n=0, P=481, N=0)",0.03207987246156996,0.044189680270484644,0.38170527761005835,1391.1581808858323,1616.6080784313729,827.0833333333333,623.0,910.0,14.0
15_csb-ch12-nursing.arff,0,"IF gender = {0} AND age >= 73.50 THEN survival_status = {152.0} (p=1030, n=0, P=1601, N=0)","IF hlstat <= 3.50 AND age >= 67.50 THEN survival_status = {151.0} (p=887, n=0, P=1601, N=0)","IF gender = {0} AND age >= 73.50 AND hlstat <= 3.50 AND age >= 67.50 THEN survival_status = {198.0} (p=590, n=0, P=1601, N=0)",0.01193143967637078,0.013447802310460943,0.9983622870827216,359.9644683156078,356.3365496570425,411.77633781948316,152.0,151.0,198.0
15_csb-ch12-nursing.arff,1,"IF gender = {0} AND age >= 71.50 THEN survival_status = {148.0} (p=1083, n=0, P=1601, N=0)","IF hlstat <= 3.50 AND age >= 65.50 THEN survival_status = {148.0} (p=904, n=0, P=1601, N=0)","IF gender = {0} AND age >= 71.50 AND hlstat <= 3.50 AND age >= 65.50 THEN survival_status = {191.0} (p=625, n=0, P=1601, N=0)",0.010430414555443579,0.01480298817188097,0.9404446866693966,355.46153271683806,353.1688524876664,406.26136827557815,148.0,148.0,191.0
15_csb-ch12-nursing.arff,2,"IF gender = {0} AND age >= 67.50 THEN survival_status = {144.0} (p=1147, n=0, P=1601, N=0)","IF hlstat <= 3.50 THEN survival_status = {147.0} (p=919, n=0, P=1601, N=0)","IF gender = {0} AND age >= 67.50 AND hlstat <= 3.50 THEN survival_status = {172.0} (p=666, n=0, P=1601, N=0)",0.017002857556917772,0.03992633927676836,0.7693656538213463,348.6307489513499,350.26800517639737,394.1357935275681,144.0,147.0,172.0
19_GBSG2.arff,0,"IF pnodes >= 4.50 THEN survival_status = {893.0} (p=253, n=0, P=686, N=0)","IF progrec <= 2.50 THEN survival_status = {891.0} (p=129, n=0, P=686, N=0)","IF pnodes >= 4.50 AND progrec <= 2.50 THEN survival_status = {624.0} (p=63, n=0, P=686, N=0)",0.016070435177100273,0.03703839398700637,0.9349342394637239,1121.7968499869664,1113.974927887686,881.4427016507722,893.0,891.0,624.0
20_whas500.arff,0,"IF chf <= 0.50 THEN survival_status = {2358.0} (p=345, n=0, P=500, N=0)","IF hr <= 71.50 THEN survival_status = {inf} (p=141, n=0, P=500, N=0)","IF chf <= 0.50 AND hr <= 71.50 THEN survival_status = {inf} (p=111, n=0, P=500, N=0)",0.028736678800473925,0.04919438022799105,0.9969544756452599,1585.7206064576776,1575.2356297847573,1787.7747148045355,2358.0,inf,inf
20_whas500.arff,1,"IF age >= 64.50 THEN survival_status = {920.0} (p=328, n=0, P=500, N=0)","IF bmi <= 25.40 THEN survival_status = {849.0} (p=214, n=0, P=500, N=0)","IF age >= 64.50 AND bmi <= 25.40 THEN survival_status = {406.0} (p=168, n=0, P=500, N=0)",0.022503515195201218,0.046895069425836544,0.990569398741933,1064.9513259608834,1063.7648326720628,853.9315925993101,920.0,849.0,406.0
21_actg320.arff,0,"IF cd4 <= 18.75 THEN survival_status = {inf} (p=253, n=0, P=1151, N=0)","IF karnof <= 85.00 THEN survival_status = {inf} (p=214, n=0, P=1151, N=0)","IF cd4 <= 18.75 AND karnof <= 85.00 THEN survival_status = {inf} (p=80, n=0, P=1151, N=0)",0.03077503586950958,0.03517076986317558,0.9833849977171366,294.673238475528,295.00611236842667,263.8991618479667,inf,inf,inf
22_wcgs.arff,0,"IF chol0 <= 271.50 THEN survival_status = {inf} (p=2719, n=0, P=3154, N=0)","IF dbp0 <= 84.50 THEN survival_status = {inf} (p=2130, n=0, P=3154, N=0)","IF chol0 <= 271.50 AND dbp0 <= 84.50 THEN survival_status = {inf} (p=1876, n=0, P=3154, N=0)",0.03795763765122462,0.047977660351019136,0.9950215095104303,3298.037548846364,3303.53278642955,3330.8802419501035,inf,inf,inf
22_wcgs.arff,1,"IF chol0 >= 264.50 THEN survival_status = {inf} (p=550, n=0, P=3154, N=0)","IF sbp0 >= 147.00 THEN survival_status = {inf} (p=341, n=0, P=3154, N=0)","IF chol0 >= 264.50 AND sbp0 >= 147.00 THEN survival_status = {inf} (p=75, n=0, P=3154, N=0)",0.010301243799842541,0.017314371114746097,0.980821543528364,2885.349551344397,2872.2998545175597,2637.8311617255945,inf,inf,inf
22_wcgs.arff,2,"IF age0 <= 47.50 THEN survival_status = {inf} (p=1951, n=0, P=3154, N=0)","IF chol0 <= 236.50 AND sbp0 <= 186.00 THEN survival_status = {inf} (p=1951, n=0, P=3154, N=0)","IF age0 <= 47.50 AND chol0 <= 236.50 AND sbp0 <= 186.00 THEN survival_status = {inf} (p=1285, n=0, P=3154, N=0)",0.0010671088303891851,0.0010739583990174717,0.9972828950563332,3327.1705944521145,3334.2625582850856,3377.6046144530137,inf,inf,inf
23_lac_selected.arff,0,"IF INHA_a <= 11.33 AND UBC <= 12.51 THEN survival_status = {inf} (p=74, n=0, P=86, N=0)","IF SLC1A6 <= 9.25 AND CRK <= 8.57 THEN survival_status = {inf} (p=22, n=0, P=86, N=0)","IF INHA_a <= 11.33 AND UBC <= 12.51 AND SLC1A6 <= 9.25 AND CRK <= 8.57 THEN survival_status = {inf} (p=16, n=0, P=86, N=0)",0.04826896954864823,0.04230495938646994,0.6934937846003915,87.664425983504,85.71081155686417,110.6,inf,inf,inf
23_lac_selected.arff,1,"IF INHA_a <= 11.33 AND FADD <= 10.24 AND ATP2B1 <= 9.92 THEN survival_status = {inf} (p=76, n=0, P=86, N=0)","IF GCNT1_a <= 7.50 THEN survival_status = {inf} (p=39, n=0, P=86, N=0)","IF INHA_a <= 11.33 AND FADD <= 10.24 AND ATP2B1 <= 9.92 AND GCNT1_a <= 7.50 THEN survival_status = {inf} (p=33, n=0, P=86, N=0)",0.03596813805261123,0.04941891020979272,0.990393813516162,84.93986113620635,87.97554935318095,104.69032258064517,inf,inf,inf
24_pbc.arff,0,"IF bili >= 1.05 THEN survival_status = {2288.0} (p=261, n=0, P=418, N=0)","IF albumin <= 3.55 THEN survival_status = {2297.0} (p=219, n=0, P=418, N=0)","IF bili >= 1.05 AND albumin <= 3.55 THEN survival_status = {1536.0} (p=163, n=0, P=418, N=0)",0.024309075084166465,0.032930025898995186,0.9986734357701849,2414.8324255673415,2418.387884108573,2031.7584415615966,2288.0,2297.0,1536.0
