dataset,CR_number,CR,RR,ER,CR_vs_RR_p_value,ER_vs_CR_p_value,ER_vs_RR_p_value
bodyfat.arff,0,"IF Density <= 1.04 AND Weight <= 221.12 AND Hip <= 113.95 THEN class = {29.14} [25.28, 33.00] (p=47, n=3, P=55, N=197)","IF Hip >= 112.15 THEN class = {32.86} [26.02, 39.71] (p=8, n=5, P=52, N=200)","IF Density <= 1.04 AND Weight <= 221.12 AND Hip <= 113.95 AND Hip >= 112.15 THEN class = {43.80} [40.10, 47.50] (p=2, n=0, P=2, N=250)",0.06724883618177481,0.018653142417095325,0.02564102564102564
breasttumor.arff,0,"IF age <= 64.50 AND age >= 60.50 THEN class = {24.89} [15.13, 34.66] (p=19, n=9, P=169, N=117)","IF age <= 61.50 THEN class = {24.78} [14.59, 34.97] (p=158, n=75, P=194, N=92)","IF age <= 64.50 AND age >= 60.50 AND age <= 61.50 THEN class = {14.50} [9.94, 19.06] (p=3, n=1, P=58, N=228)",0.5573214246534082,0.0165660699166315,0.020287574027248057
cholesterol.arff,0,"IF age >= 65.50 AND restecg = {2} THEN class = {277.11} [199.85, 354.37] (p=17, n=1, P=248, N=55)","IF thalach >= 150.50 THEN class = {249.46} [194.79, 304.14] (p=130, n=34, P=231, N=72)","IF age >= 65.50 AND restecg = {2} AND thalach >= 150.50 THEN class = {362.00} [244.93, 479.07] (p=3, n=1, P=142, N=161)",0.430411561316524,0.016815920416761245,0.010672323974629675
cholesterol.arff,1,"IF age >= 65.50 AND num <= 3.50 AND trestbps >= 103.00 AND trestbps <= 179.00 AND trestbps <= 169.00 THEN class = {257.14} [187.51, 326.77] (p=26, n=2, P=258, N=45)","IF thalach >= 151.50 THEN class = {248.34} [193.89, 302.78] (p=123, n=37, P=226, N=77)","IF age >= 65.50 AND num <= 3.50 AND trestbps >= 103.00 AND trestbps <= 179.00 AND trestbps <= 169.00 AND thalach >= 151.50 THEN class = {335.00} [219.50, 450.50] (p=4, n=1, P=207, N=96)",0.8982002458873448,0.012735448329734559,0.020907010415153738
cholesterol.arff,2,"IF trestbps <= 109.00 THEN class = {237.20} [195.54, 278.86] (p=16, n=4, P=196, N=107)","IF thalach >= 169.50 THEN class = {237.65} [192.40, 282.89] (p=42, n=20, P=204, N=99)","IF trestbps <= 109.00 AND thalach >= 169.50 THEN class = {181.33} [152.74, 209.93] (p=2, n=1, P=67, N=236)",0.6535885824147585,0.01929824561403509,0.03433589230212874
cholesterol.arff,3,"IF thalach <= 112.50 AND trestbps >= 123.50 THEN class = {255.44} [216.58, 294.30] (p=13, n=3, P=163, N=140)","IF thal = {3} THEN class = {246.83} [198.28, 295.39] (p=113, n=53, P=208, N=95)","IF thalach <= 112.50 AND trestbps >= 123.50 AND thal = {3} THEN class = {300.67} [285.23, 316.10] (p=2, n=1, P=38, N=265)",0.7194398272468187,0.010526452229104252,0.03816805109159849
cholesterol.arff,4,"IF trestbps >= 151.00 AND thalach <= 149.00 THEN class = {259.32} [218.06, 300.57] (p=15, n=4, P=167, N=136)","IF age <= 56.50 THEN class = {240.38} [195.41, 285.34] (p=113, n=49, P=205, N=98)","IF trestbps >= 151.00 AND thalach <= 149.00 AND age <= 56.50 THEN class = {301.33} [283.18, 319.49] (p=2, n=1, P=42, N=261)",0.13662830616526678,0.025218966771359673,0.02118522275703376
cholesterol.arff,5,"IF trestbps <= 111.00 THEN class = {232.85} [191.77, 273.92] (p=30, n=9, P=192, N=111)","IF thalach >= 169.50 THEN class = {237.65} [192.40, 282.89] (p=42, n=20, P=204, N=99)","IF trestbps <= 111.00 AND thalach >= 169.50 THEN class = {185.25} [159.58, 210.92] (p=3, n=1, P=67, N=236)",0.6627026546369641,0.010876253477006378,0.014859495307987967
cholesterol.arff,6,"IF thalach >= 177.50 THEN class = {234.73} [198.03, 271.43] (p=22, n=8, P=175, N=128)","IF sex = {0} THEN class = {261.75} [197.19, 326.32] (p=73, n=24, P=243, N=60)","IF thalach >= 177.50 AND sex = {0} THEN class = {196.75} [187.10, 206.40] (p=2, n=2, P=37, N=266)",0.08594254621953853,0.012352146501561152,0.008290259955126503
cholesterol.arff,7,"IF thalach >= 162.50 AND age <= 51.50 THEN class = {231.73} [194.08, 269.38] (p=40, n=12, P=182, N=121)","IF trestbps <= 109.00 THEN class = {237.20} [195.54, 278.86] (p=16, n=4, P=196, N=107)","IF thalach >= 162.50 AND age <= 51.50 AND trestbps <= 109.00 THEN class = {185.50} [159.71, 211.29] (p=3, n=1, P=71, N=232)",0.19271532317426732,0.013399717572528733,0.002889576883384933
cholesterol.arff,8,"IF restecg = {2} AND oldpeak <= 1.85 AND thal = {7} AND age >= 42.00 AND thalach >= 129.00 THEN class = {277.17} [208.58, 345.77] (p=22, n=1, P=225, N=78)","IF sex = {0} THEN class = {261.75} [197.19, 326.32] (p=73, n=24, P=243, N=60)","IF restecg = {2} AND oldpeak <= 1.85 AND thal = {7} AND age >= 42.00 AND thalach >= 129.00 AND sex = {0} THEN class = {435.50} [307.00, 564.00] (p=2, n=0, P=34, N=269)",0.4733345606259245,0.0434857317069508,0.04626131337444244
cholesterol.arff,9,"IF thalach >= 150.50 AND age >= 39.50 AND thalach >= 156.50 THEN class = {249.93} [194.20, 305.66] (p=101, n=22, P=233, N=70)","IF age >= 66.50 THEN class = {259.96} [186.51, 333.41] (p=23, n=3, P=262, N=41)","IF thalach >= 150.50 AND age >= 39.50 AND thalach >= 156.50 AND age >= 66.50 THEN class = {340.20} [226.81, 453.59] (p=4, n=1, P=190, N=113)",0.9133500625883165,0.013198544080652594,0.013377845853333532
cholesterol.arff,10,"IF age >= 46.50 AND sex = {1} AND trestbps <= 139.00 THEN class = {242.69} [201.96, 283.41] (p=74, n=28, P=187, N=116)","IF age >= 67.50 THEN class = {245.76} [199.29, 292.24] (p=10, n=7, P=200, N=103)","IF age >= 46.50 AND sex = {1} AND trestbps <= 139.00 AND age >= 67.50 THEN class = {301.00} [282.51, 319.49] (p=1, n=2, P=45, N=258)",0.8105729614415698,0.016541048892028003,0.0139605902113341
compressive.arff,0,"IF Age >= 225.00 THEN class = {46.08} [36.13, 56.02] (p=27, n=6, P=358, N=672)","IF Coarse Aggregate >= 1,094.70 THEN class = {36.98} [15.89, 58.06] (p=34, n=23, P=782, N=248)","IF Age >= 225.00 AND Coarse Aggregate >= 1,094.70 THEN class = {65.48} [57.63, 73.33] (p=1, n=2, P=84, N=946)",0.057464438584833036,0.007775276242661627,0.0232408548772314
compressive.arff,1,"IF Age >= 95.50 THEN class = {45.64} [36.01, 55.28] (p=84, n=30, P=345, N=685)","IF Coarse Aggregate >= 1,111.30 THEN class = {41.92} [21.18, 62.66] (p=25, n=19, P=743, N=287)","IF Age >= 95.50 AND Coarse Aggregate >= 1,111.30 THEN class = {63.50} [55.14, 71.87] (p=4, n=2, P=116, N=914)",0.16474935240653088,0.0003899169152890592,0.0047793693216615085
compressive.arff,2,"IF Age >= 73.00 THEN class = {46.97} [34.22, 59.72] (p=135, n=55, P=421, N=609)","IF Superplasticizer >= 8.04 THEN class = {43.11} [25.61, 60.62] (p=256, n=144, P=628, N=402)","IF Age >= 73.00 AND Superplasticizer >= 8.04 THEN class = {60.75} [49.14, 72.36] (p=28, n=18, P=195, N=835)",0.07805258689810123,4.253121844147633e-15,5.769323508622986e-13
compressive.arff,3,"IF Age <= 5.00 THEN class = {18.84} [9.01, 28.67] (p=92, n=44, P=342, N=688)","IF Cement <= 133.05 THEN class = {19.06} [7.72, 30.40] (p=11, n=12, P=389, N=641)","IF Age <= 5.00 AND Cement <= 133.05 THEN class = {4.68} [2.96, 6.40] (p=3, n=2, P=7, N=1023)",0.1477692291799744,0.00024650188114753785,5.9437130375345475e-05
compressive.arff,4,"IF Age >= 42.00 THEN class = {48.57} [35.12, 62.01] (p=191, n=90, P=428, N=602)","IF Superplasticizer >= 17.20 THEN class = {50.91} [34.64, 67.18] (p=25, n=11, P=464, N=566)","IF Age >= 42.00 AND Superplasticizer >= 17.20 THEN class = {67.43} [59.60, 75.26] (p=6, n=4, P=80, N=950)",0.3744759533574217,2.9846742117321573e-05,8.215663343739267e-05
compressive.arff,5,"IF Age <= 21.00 THEN class = {23.54} [11.15, 35.93] (p=226, n=98, P=491, N=539)","IF Cement <= 158.90 THEN class = {22.63} [12.21, 33.05] (p=80, n=49, P=403, N=627)","IF Age <= 21.00 AND Cement <= 158.90 THEN class = {8.38} [4.75, 12.01] (p=14, n=6, P=61, N=969)",0.12703272150321349,7.790167554263242e-11,3.726757286969877e-11
compressive.arff,6,"IF Superplasticizer >= 15.95 THEN class = {49.99} [33.10, 66.88] (p=42, n=12, P=504, N=526)","IF Age >= 73.00 THEN class = {46.97} [34.22, 59.72] (p=135, n=55, P=421, N=609)","IF Superplasticizer >= 15.95 AND Age >= 73.00 THEN class = {67.16} [60.57, 73.75] (p=6, n=2, P=65, N=965)",0.4118698294519916,0.00043186133856959,6.0628659441339875e-05
compressive.arff,7,"IF Cement <= 153.35 AND Blast Furnace Slag <= 134.50 THEN class = {17.36} [10.24, 24.47] (p=25, n=6, P=242, N=788)","IF Age <= 10.50 THEN class = {22.31} [9.48, 35.14] (p=186, n=76, P=494, N=536)","IF Cement <= 153.35 AND Blast Furnace Slag <= 134.50 AND Age <= 10.50 THEN class = {6.58} [4.78, 8.37] (p=2, n=0, P=21, N=1009)",0.2613089871638593,0.021913054061819086,0.028047018713937423
compressive.arff,8,"IF Cement <= 153.35 AND Cement >= 152.30 THEN class = {21.06} [13.80, 28.32] (p=10, n=2, P=265, N=765)","IF Age <= 10.50 THEN class = {22.31} [9.48, 35.14] (p=186, n=76, P=494, N=536)","IF Cement <= 153.35 AND Cement >= 152.30 AND Age <= 10.50 THEN class = {6.58} [4.78, 8.37] (p=2, n=0, P=21, N=1009)",0.12936066688656697,0.030303030303030304,0.028047018713937423
compressive.arff,9,"IF Cement <= 153.35 AND Blast Furnace Slag <= 162.20 THEN class = {19.10} [11.74, 26.47] (p=37, n=11, P=273, N=757)","IF Age <= 10.50 THEN class = {22.31} [9.48, 35.14] (p=186, n=76, P=494, N=536)","IF Cement <= 153.35 AND Blast Furnace Slag <= 162.20 AND Age <= 10.50 THEN class = {6.35} [4.65, 8.04] (p=2, n=2, P=18, N=1012)",0.8996702925011342,0.001098338620573763,0.0014981704411624126
compressive.arff,10,"IF Cement <= 153.35 AND Blast Furnace Slag <= 172.80 THEN class = {20.98} [11.74, 30.21] (p=47, n=14, P=341, N=689)","IF Age <= 10.50 THEN class = {22.31} [9.48, 35.14] (p=186, n=76, P=494, N=536)","IF Cement <= 153.35 AND Blast Furnace Slag <= 172.80 AND Age <= 10.50 THEN class = {5.91} [3.73, 8.08] (p=4, n=2, P=20, N=1010)",0.21913238347464647,6.777569735036783e-05,8.410704931535956e-05
compressive.arff,11,"IF Cement <= 153.35 AND Coarse Aggregate <= 867.90 THEN class = {25.48} [17.65, 33.32] (p=14, n=4, P=318, N=712)","IF Blast Furnace Slag <= 0.01 THEN class = {31.66} [16.89, 46.42] (p=307, n=159, P=631, N=399)","IF Cement <= 153.35 AND Coarse Aggregate <= 867.90 AND Blast Furnace Slag <= 0.01 THEN class = {13.03} [10.54, 15.52] (p=2, n=2, P=83, N=947)",0.6019195237929207,0.0034781782825550715,0.006377818246996568
compressive.arff,12,"IF Cement <= 153.35 AND Coarse Aggregate >= 975.40 THEN class = {22.06} [12.07, 32.06] (p=24, n=7, P=378, N=652)","IF Age <= 21.00 THEN class = {23.54} [11.15, 35.93] (p=226, n=98, P=491, N=539)","IF Cement <= 153.35 AND Coarse Aggregate >= 975.40 AND Age <= 21.00 THEN class = {10.05} [6.84, 13.27] (p=2, n=1, P=76, N=954)",0.7465138571907013,0.017683345945051887,0.027065151086622115
compressive.arff,13,"IF Cement <= 153.35 AND Coarse Aggregate >= 919.30 THEN class = {22.13} [11.94, 32.32] (p=46, n=19, P=386, N=644)","IF Age <= 21.00 THEN class = {23.54} [11.15, 35.93] (p=226, n=98, P=491, N=539)","IF Cement <= 153.35 AND Coarse Aggregate >= 919.30 AND Age <= 21.00 THEN class = {8.15} [4.43, 11.87] (p=7, n=4, P=60, N=970)",0.1652588089205339,9.22301229166924e-07,1.921315478051426e-06
compressive.arff,14,"IF Cement <= 157.50 THEN class = {22.93} [12.54, 33.33] (p=81, n=43, P=407, N=623)","IF Age <= 21.00 THEN class = {23.54} [11.15, 35.93] (p=226, n=98, P=491, N=539)","IF Cement <= 157.50 AND Age <= 21.00 THEN class = {8.32} [4.60, 12.03] (p=13, n=6, P=61, N=969)",0.06549457639267903,6.997628799295943e-11,2.440599849467489e-10
compressive.arff,15,"IF Cement <= 164.80 AND Blast Furnace Slag <= 183.65 THEN class = {20.90} [11.76, 30.04] (p=67, n=24, P=337, N=693)","IF Age <= 10.50 THEN class = {22.31} [9.48, 35.14] (p=186, n=76, P=494, N=536)","IF Cement <= 164.80 AND Blast Furnace Slag <= 183.65 AND Age <= 10.50 THEN class = {6.48} [4.15, 8.81] (p=6, n=2, P=25, N=1005)",0.2911109985196598,4.42876373266197e-06,8.699218543926643e-06
compressive.arff,16,"IF Cement <= 164.80 AND Blast Furnace Slag >= 115.50 THEN class = {26.53} [16.39, 36.67] (p=79, n=32, P=413, N=617)","IF Fine Aggregate >= 894.50 THEN class = {30.90} [14.71, 47.09] (p=36, n=22, P=674, N=356)","IF Cement <= 164.80 AND Blast Furnace Slag >= 115.50 AND Fine Aggregate >= 894.50 THEN class = {13.74} [5.52, 21.97] (p=2, n=2, P=223, N=807)",0.07783258309518858,0.01725551524068524,0.01600867372192236
compressive.arff,17,"IF Water >= 224.70 THEN class = {42.52} [34.44, 50.60] (p=35, n=23, P=310, N=720)","IF Coarse Aggregate <= 853.50 THEN class = {44.52} [27.98, 61.06] (p=73, n=35, P=582, N=448)","IF Water >= 224.70 AND Coarse Aggregate <= 853.50 THEN class = {27.20} [25.18, 29.22] (p=2, n=1, P=80, N=950)",0.8014389928407659,0.004971468663366085,0.020429421439073114
compressive.arff,18,"IF Age >= 21.00 AND Water <= 162.07 AND Cement >= 170.63 AND Cement <= 492.50 THEN class = {55.50} [43.87, 67.13] (p=86, n=34, P=248, N=782)","IF Superplasticizer >= 25.80 THEN class = {56.46} [46.08, 66.84] (p=5, n=5, P=207, N=823)","IF Age >= 21.00 AND Water <= 162.07 AND Cement >= 170.63 AND Cement <= 492.50 AND Superplasticizer >= 25.80 THEN class = {68.97} [67.40, 70.53] (p=1, n=2, P=11, N=1019)",0.3271680764903927,0.01946409099626703,0.016666666666666666
compressive.arff,19,"IF Age >= 21.00 AND Blast Furnace Slag >= 213.25 THEN class = {40.33} [27.74, 52.92] (p=32, n=8, P=507, N=523)","IF Cement >= 237.75 THEN class = {41.00} [24.20, 57.81] (p=407, n=213, P=648, N=382)","IF Age >= 21.00 AND Blast Furnace Slag >= 213.25 AND Cement >= 237.75 THEN class = {64.27} [51.33, 77.21] (p=4, n=2, P=178, N=852)",0.09361952269851143,0.00039751037972916744,0.0026473291183976466
concrete.arff,0,"IF Water <= 169.25 THEN class = {44.40} [37.62, 51.19] (p=9, n=1, P=38, N=65)","IF Cement >= 178.55 THEN class = {39.37} [31.90, 46.84] (p=35, n=20, P=63, N=40)","IF Water <= 169.25 AND Cement >= 178.55 THEN class = {52.01} [48.23, 55.79] (p=3, n=1, P=8, N=95)",0.6868855299209251,0.009523809523809525,0.0027147173397974863
concrete.arff,1,"IF Coarse Aggr. >= 1,021.45 THEN class = {31.94} [26.18, 37.70] (p=8, n=1, P=57, N=46)","IF Fly ash <= 219.50 THEN class = {35.03} [26.96, 43.11] (p=52, n=20, P=75, N=28)","IF Coarse Aggr. >= 1,021.45 AND Fly ash <= 219.50 THEN class = {25.17} [19.96, 30.38] (p=1, n=2, P=19, N=84)",0.7251757988663529,0.02753189387562954,0.03108826934058868
concrete.arff,2,"IF Fly ash <= 102.50 THEN class = {28.83} [23.45, 34.22] (p=17, n=5, P=43, N=60)","IF Cement <= 165.15 THEN class = {31.60} [25.52, 37.68] (p=33, n=11, P=58, N=45)","IF Fly ash <= 102.50 AND Cement <= 165.15 THEN class = {18.29} [17.57, 19.01] (p=2, n=2, P=2, N=101)",0.15795980191732484,0.0025043593246531835,0.0011707294718029087
concrete.arff,3,"IF Cement <= 162.50 THEN class = {31.69} [26.00, 37.37] (p=32, n=10, P=55, N=48)","IF Fly ash <= 155.00 THEN class = {33.18} [25.99, 40.37] (p=34, n=14, P=68, N=35)","IF Cement <= 162.50 AND Fly ash <= 155.00 THEN class = {25.16} [20.12, 30.20] (p=6, n=4, P=19, N=84)",0.3077687906301706,0.0001868565409538919,5.720116046673827e-05
concrete.arff,4,"IF Fly ash <= 117.50 THEN class = {30.15} [24.16, 36.14] (p=21, n=7, P=50, N=53)","IF Cement <= 263.00 THEN class = {33.63} [26.41, 40.85] (p=40, n=16, P=66, N=37)","IF Fly ash <= 117.50 AND Cement <= 263.00 THEN class = {23.67} [16.91, 30.42] (p=5, n=2, P=23, N=80)",0.061300528808939825,0.0258372654562283,0.0013928044275097612
concrete.arff,5,"IF Fly ash >= 239.65 THEN class = {38.95} [32.92, 44.98] (p=11, n=3, P=52, N=51)","IF Cement >= 204.95 THEN class = {39.36} [31.75, 46.96] (p=34, n=19, P=64, N=39)","IF Fly ash >= 239.65 AND Cement >= 204.95 THEN class = {46.99} [44.25, 49.73] (p=2, n=2, P=8, N=95)",0.31722924336152414,0.001998001998001998,0.028605237695532384
concrete.arff,6,"IF Slag <= 2.80 AND Coarse Aggr. <= 932.50 THEN class = {42.73} [36.02, 49.43] (p=16, n=5, P=43, N=60)","IF Water <= 178.00 THEN class = {41.04} [33.52, 48.55] (p=13, n=8, P=52, N=51)","IF Slag <= 2.80 AND Coarse Aggr. <= 932.50 AND Water <= 178.00 THEN class = {50.10} [43.36, 56.84] (p=2, n=2, P=17, N=86)",0.2148824117815331,0.039149563273297945,0.0177109440267335
friedman.arff,0,"IF Input2 <= 0.01 THEN class = {9.43} [5.65, 13.21] (p=11, n=2, P=437, N=763)","IF Input4 <= 0.20 THEN class = {9.58} [5.55, 13.61] (p=149, n=68, P=459, N=741)","IF Input2 <= 0.01 AND Input4 <= 0.20 THEN class = {5.54} [5.04, 6.05] (p=2, n=1, P=30, N=1170)",0.4768430145694048,0.027972027972027972,0.03064575667726455
friedman.arff,1,"IF Input1 <= 0.13 THEN class = {9.52} [5.89, 13.15] (p=115, n=42, P=422, N=778)","IF Input4 <= 0.05 THEN class = {8.87} [4.94, 12.80] (p=47, n=17, P=425, N=775)","IF Input1 <= 0.13 AND Input4 <= 0.05 THEN class = {4.88} [2.36, 7.41] (p=8, n=6, P=108, N=1092)",0.9425530279977075,2.811467719749546e-06,1.875416958458774e-05
friedman.arff,2,"IF Input1 >= 0.99 THEN class = {15.96} [12.22, 19.70] (p=17, n=3, P=577, N=623)","IF Input1 <= 0.99 THEN class = {14.56} [9.35, 19.76] (p=755, n=428, P=771, N=429)","IF Input1 >= 0.99 AND Input1 <= 0.99 THEN class = {20.58} [17.50, 23.65] (p=1, n=2, P=315, N=885)",0.5464320542336866,0.028070175438596492,0.04683688068175169
friedman.arff,3,"IF Input4 <= 0.12 THEN class = {8.70} [4.81, 12.60] (p=92, n=33, P=414, N=786)","IF Input1 <= 0.05 THEN class = {8.31} [4.84, 11.79] (p=50, n=21, P=344, N=856)","IF Input4 <= 0.12 AND Input1 <= 0.05 THEN class = {4.57} [2.25, 6.89] (p=8, n=8, P=83, N=1117)",0.7645292757536017,2.848777462766611e-06,7.005252877786473e-07
friedman.arff,4,"IF Input4 <= 0.13 THEN class = {8.72} [4.83, 12.60] (p=99, n=38, P=413, N=787)","IF Input1 <= 0.05 THEN class = {8.31} [4.84, 11.79] (p=50, n=21, P=344, N=856)","IF Input4 <= 0.13 AND Input1 <= 0.05 THEN class = {4.61} [2.36, 6.87] (p=9, n=8, P=81, N=1119)",0.6084078002329985,1.6232409868378223e-06,2.0548642759029965e-07
friedman.arff,5,"IF Input1 <= 0.13 THEN class = {9.72} [5.95, 13.48] (p=117, n=45, P=441, N=759)","IF Input4 <= 0.05 THEN class = {8.87} [4.94, 12.80] (p=47, n=17, P=425, N=775)","IF Input1 <= 0.13 AND Input4 <= 0.05 THEN class = {4.88} [2.36, 7.41] (p=8, n=6, P=108, N=1092)",0.8315850301052125,2.1184028456389038e-06,1.875416958458774e-05
friedman.arff,6,"IF Input4 <= 0.15 THEN class = {9.17} [5.11, 13.23] (p=111, n=42, P=458, N=742)","IF Input1 <= 0.06 THEN class = {8.82} [5.16, 12.48] (p=61, n=20, P=398, N=802)","IF Input4 <= 0.15 AND Input1 <= 0.06 THEN class = {5.04} [2.52, 7.55] (p=13, n=6, P=115, N=1085)",0.5577217556558298,1.3868865722674413e-06,1.8817086189085975e-07
friedman.arff,7,"IF Input4 <= 0.20 THEN class = {9.56} [5.51, 13.61] (p=150, n=64, P=462, N=738)","IF Input1 <= 0.02 THEN class = {9.03} [5.37, 12.70] (p=22, n=10, P=412, N=788)","IF Input4 <= 0.20 AND Input1 <= 0.02 THEN class = {5.36} [2.62, 8.11] (p=5, n=3, P=135, N=1065)",0.4970787636339208,0.0021009729396826667,0.0004989399427664167
friedman.arff,8,"IF Input1 <= 0.14 THEN class = {9.79} [5.96, 13.62] (p=119, n=50, P=446, N=754)","IF Input4 <= 0.02 THEN class = {8.73} [4.16, 13.30] (p=19, n=9, P=473, N=727)","IF Input1 <= 0.14 AND Input4 <= 0.02 THEN class = {4.06} [0.96, 7.16] (p=4, n=3, P=108, N=1092)",0.7776320393305274,0.00022712379641858733,0.0015692037431167868
friedman.arff,9,"IF Input1 <= 0.14 THEN class = {9.95} [6.08, 13.83] (p=125, n=52, P=463, N=737)","IF Input4 <= 0.02 THEN class = {8.73} [4.16, 13.30] (p=19, n=9, P=473, N=727)","IF Input1 <= 0.14 AND Input4 <= 0.02 THEN class = {4.06} [0.96, 7.16] (p=4, n=3, P=108, N=1092)",0.9083945774999357,0.0001709836071605727,0.0015692037431167868
friedman.arff,10,"IF Input1 <= 0.15 THEN class = {10.02} [6.11, 13.92] (p=132, n=56, P=467, N=733)","IF Input4 <= 0.02 THEN class = {8.73} [4.16, 13.30] (p=19, n=9, P=473, N=727)","IF Input1 <= 0.15 AND Input4 <= 0.02 THEN class = {4.06} [0.96, 7.16] (p=4, n=3, P=108, N=1092)",0.930862790135539,0.00015866505808768324,0.0015692037431167868
friedman.arff,11,"IF Input4 <= 0.20 THEN class = {9.64} [5.62, 13.67] (p=156, n=72, P=461, N=739)","IF Input1 <= 0.02 THEN class = {9.03} [5.37, 12.70] (p=22, n=10, P=412, N=788)","IF Input4 <= 0.20 AND Input1 <= 0.02 THEN class = {5.36} [2.62, 8.11] (p=5, n=3, P=135, N=1065)",0.5515499668302519,0.0015524941711017753,0.0004989399427664167
friedman.arff,12,"IF Input4 <= 0.21 THEN class = {9.75} [5.69, 13.81] (p=164, n=74, P=476, N=724)","IF Input1 <= 0.01 THEN class = {9.08} [5.72, 12.45] (p=12, n=7, P=378, N=822)","IF Input4 <= 0.21 AND Input1 <= 0.01 THEN class = {5.60} [2.63, 8.56] (p=3, n=2, P=154, N=1046)",0.5441155135064184,0.01888245253463362,0.010319917440660475
friedman.arff,13,"IF Input2 <= 0.01 THEN class = {9.30} [5.84, 12.75] (p=15, n=5, P=400, N=800)","IF Input4 <= 0.20 THEN class = {9.58} [5.55, 13.61] (p=149, n=68, P=459, N=741)","IF Input2 <= 0.01 AND Input4 <= 0.20 THEN class = {5.54} [5.04, 6.05] (p=2, n=1, P=30, N=1170)",0.7329205888649808,0.01929824561403509,0.03064575667726455
friedman.arff,14,"IF Input1 <= 0.16 THEN class = {10.11} [6.15, 14.08] (p=136, n=59, P=479, N=721)","IF Input4 <= 0.01 THEN class = {8.01} [2.94, 13.08] (p=6, n=5, P=459, N=741)","IF Input1 <= 0.16 AND Input4 <= 0.01 THEN class = {2.74} [0.93, 4.55] (p=2, n=2, P=20, N=1180)",0.5666785106099468,3.845263580320468e-05,0.012121212121212121
friedman.arff,15,"IF Input4 <= 0.22 THEN class = {9.89} [5.79, 13.99] (p=171, n=80, P=483, N=717)","IF Input1 <= 0.01 THEN class = {9.08} [5.72, 12.45] (p=12, n=7, P=378, N=822)","IF Input4 <= 0.22 AND Input1 <= 0.01 THEN class = {5.60} [2.63, 8.56] (p=3, n=2, P=154, N=1046)",0.6439383746152274,0.01665546634119007,0.010319917440660475
friedman.arff,16,"IF Input4 <= 0.23 THEN class = {9.97} [5.84, 14.10] (p=175, n=84, P=489, N=711)","IF Input1 <= 0.01 THEN class = {9.08} [5.72, 12.45] (p=12, n=7, P=378, N=822)","IF Input4 <= 0.23 AND Input1 <= 0.01 THEN class = {5.60} [2.63, 8.56] (p=3, n=2, P=154, N=1046)",0.7086512340087316,0.015706173484515345,0.010319917440660475
friedman.arff,17,"IF Input4 <= 0.24 THEN class = {10.02} [5.86, 14.17] (p=180, n=86, P=497, N=703)","IF Input1 <= 0.01 THEN class = {9.08} [5.72, 12.45] (p=12, n=7, P=378, N=822)","IF Input4 <= 0.24 AND Input1 <= 0.01 THEN class = {5.60} [2.63, 8.56] (p=3, n=2, P=154, N=1046)",0.7366273905682658,0.01543217521969399,0.010319917440660475
friedman.arff,18,"IF Input1 <= 0.17 THEN class = {10.17} [6.18, 14.16] (p=139, n=65, P=484, N=716)","IF Input4 <= 0.01 THEN class = {8.01} [2.94, 13.08] (p=6, n=5, P=459, N=741)","IF Input1 <= 0.17 AND Input4 <= 0.01 THEN class = {2.74} [0.93, 4.55] (p=2, n=2, P=20, N=1180)",0.5948962304292464,4.2164611241784765e-05,0.012121212121212121
friedman.arff,19,"IF Input1 <= 0.19 THEN class = {10.32} [6.34, 14.30] (p=152, n=70, P=501, N=699)","IF Input4 <= 0.01 THEN class = {7.76} [2.93, 12.59] (p=9, n=4, P=428, N=772)","IF Input1 <= 0.19 AND Input4 <= 0.01 THEN class = {2.91} [1.26, 4.56] (p=3, n=2, P=18, N=1182)",0.7839866892813525,2.4805264734590745e-06,0.003108003108003108
friedman.arff,20,"IF Input4 <= 0.33 THEN class = {10.62} [6.37, 14.86] (p=253, n=117, P=558, N=642)","IF Input1 <= 0.02 THEN class = {9.19} [5.86, 12.52] (p=15, n=7, P=383, N=817)","IF Input4 <= 0.33 AND Input1 <= 0.02 THEN class = {5.73} [3.01, 8.45] (p=4, n=2, P=150, N=1050)",0.8936266851044457,0.0028442835837986886,0.0024124482328816694
friedman.arff,21,"IF Input4 <= 0.33 THEN class = {10.65} [6.41, 14.90] (p=258, n=122, P=558, N=642)","IF Input1 <= 0.02 THEN class = {9.19} [5.86, 12.52] (p=15, n=7, P=383, N=817)","IF Input4 <= 0.33 AND Input1 <= 0.02 THEN class = {5.73} [3.01, 8.45] (p=4, n=2, P=150, N=1050)",0.8624566029499738,0.0025829522064419745,0.0024124482328816694
friedman.arff,22,"IF Input1 <= 0.20 THEN class = {10.46} [6.47, 14.45] (p=161, n=76, P=510, N=690)","IF Input4 <= 0.01 THEN class = {7.76} [2.93, 12.59] (p=9, n=4, P=428, N=772)","IF Input1 <= 0.20 AND Input4 <= 0.01 THEN class = {2.91} [1.26, 4.56] (p=3, n=2, P=18, N=1182)",0.8608081962413527,1.783661400917266e-06,0.003108003108003108
friedman.arff,23,"IF Input4 >= 0.96 THEN class = {19.44} [16.14, 22.74] (p=25, n=11, P=395, N=805)","IF Input5 >= 0.90 THEN class = {17.41} [12.33, 22.49] (p=68, n=37, P=710, N=490)","IF Input4 >= 0.96 AND Input5 >= 0.90 THEN class = {24.19} [21.97, 26.41] (p=1, n=2, P=88, N=1112)",0.055838462940002415,0.018767507002801123,0.013218820014936522
friedman.arff,24,"IF Input4 <= 0.34 THEN class = {10.70} [6.45, 14.96] (p=263, n=126, P=562, N=638)","IF Input1 <= 0.02 THEN class = {9.19} [5.86, 12.52] (p=15, n=7, P=383, N=817)","IF Input4 <= 0.34 AND Input1 <= 0.02 THEN class = {5.73} [3.01, 8.45] (p=4, n=2, P=150, N=1050)",0.8326512378499417,0.0023528793652027157,0.0024124482328816694
friedman.arff,25,"IF Input4 >= 0.72 THEN class = {18.34} [14.26, 22.42] (p=238, n=111, P=569, N=631)","IF Input3 >= 0.95 THEN class = {18.59} [14.12, 23.06] (p=48, n=24, P=603, N=597)","IF Input4 >= 0.72 AND Input3 >= 0.95 THEN class = {23.19} [19.85, 26.53] (p=8, n=8, P=203, N=997)",0.19918337289368615,1.3195590609800825e-05,3.735573515034417e-06
friedman.arff,26,"IF Input4 >= 0.71 THEN class = {18.28} [14.17, 22.39] (p=250, n=117, P=577, N=623)","IF Input3 >= 0.95 THEN class = {18.59} [14.12, 23.06] (p=48, n=24, P=603, N=597)","IF Input4 >= 0.71 AND Input3 >= 0.95 THEN class = {23.19} [19.85, 26.53] (p=8, n=8, P=203, N=997)",0.225188674593506,1.1633256662728763e-05,3.735573515034417e-06
friedman.arff,27,"IF Input4 <= 0.35 THEN class = {10.75} [6.49, 15.02] (p=265, n=131, P=564, N=636)","IF Input1 <= 0.02 THEN class = {9.19} [5.86, 12.52] (p=15, n=7, P=383, N=817)","IF Input4 <= 0.35 AND Input1 <= 0.02 THEN class = {5.73} [3.01, 8.45] (p=4, n=2, P=150, N=1050)",0.7916986465435099,0.002180995618923021,0.0024124482328816694
friedman.arff,28,"IF Input1 <= 0.20 THEN class = {10.58} [6.57, 14.59] (p=163, n=81, P=517, N=683)","IF Input4 <= 0.01 THEN class = {7.76} [2.93, 12.59] (p=9, n=4, P=428, N=772)","IF Input1 <= 0.20 AND Input4 <= 0.01 THEN class = {2.91} [1.26, 4.56] (p=3, n=2, P=18, N=1182)",0.9272467191412112,1.540184163643435e-06,0.003108003108003108
friedman.arff,29,"IF Input4 <= 0.35 THEN class = {10.80} [6.52, 15.08] (p=268, n=133, P=569, N=631)","IF Input1 <= 0.02 THEN class = {9.19} [5.86, 12.52] (p=15, n=7, P=383, N=817)","IF Input4 <= 0.35 AND Input1 <= 0.02 THEN class = {5.73} [3.01, 8.45] (p=4, n=2, P=150, N=1050)",0.7547718347213144,0.0020541822149743793,0.0024124482328816694
friedman.arff,30,"IF Input4 >= 0.70 THEN class = {18.16} [13.98, 22.33] (p=254, n=121, P=588, N=612)","IF Input3 >= 0.95 THEN class = {18.59} [14.12, 23.06] (p=48, n=24, P=603, N=597)","IF Input4 >= 0.70 AND Input3 >= 0.95 THEN class = {23.19} [19.85, 26.53] (p=8, n=8, P=203, N=997)",0.3140339802529728,9.410796506679995e-06,3.735573515034417e-06
friedman.arff,31,"IF Input1 <= 0.22 THEN class = {10.62} [6.48, 14.75] (p=179, n=91, P=536, N=664)","IF Input4 <= 0.01 THEN class = {7.85} [3.18, 12.51] (p=9, n=5, P=421, N=779)","IF Input1 <= 0.22 AND Input4 <= 0.01 THEN class = {3.18} [1.55, 4.81] (p=4, n=2, P=23, N=1177)",0.6556820286432224,2.2533678676705175e-07,0.000666000666000666
friedman.arff,32,"IF Input4 <= 0.36 THEN class = {10.88} [6.57, 15.19] (p=270, n=137, P=576, N=624)","IF Input1 <= 0.02 THEN class = {9.19} [5.86, 12.52] (p=15, n=7, P=383, N=817)","IF Input4 <= 0.36 AND Input1 <= 0.02 THEN class = {5.73} [3.01, 8.45] (p=4, n=2, P=150, N=1050)",0.6963359034757937,0.0018780063605989593,0.0024124482328816694
friedman.arff,33,"IF Input4 >= 0.70 THEN class = {18.11} [13.94, 22.29] (p=257, n=125, P=590, N=610)","IF Input3 >= 0.97 THEN class = {18.12} [13.34, 22.91] (p=32, n=16, P=654, N=546)","IF Input4 >= 0.70 AND Input3 >= 0.97 THEN class = {23.03} [19.11, 26.95] (p=7, n=5, P=256, N=944)",0.05228004346823002,0.00034070339665866954,0.00010926130341414483
friedman.arff,34,"IF Input2 <= 0.11 THEN class = {10.47} [6.77, 14.17] (p=89, n=48, P=464, N=736)","IF Input4 <= 0.02 THEN class = {8.73} [4.16, 13.30] (p=19, n=9, P=473, N=727)","IF Input2 <= 0.11 AND Input4 <= 0.02 THEN class = {2.27} [0.96, 3.58] (p=2, n=0, P=13, N=1187)",0.11351463957558654,0.0012881064834693002,0.047619047619047616
friedman.arff,35,"IF Input1 <= 0.32 THEN class = {11.33} [7.07, 15.58] (p=246, n=118, P=592, N=608)","IF Input4 <= 0.01 THEN class = {7.85} [3.18, 12.51] (p=9, n=5, P=421, N=779)","IF Input1 <= 0.32 AND Input4 <= 0.01 THEN class = {3.18} [1.55, 4.81] (p=4, n=2, P=23, N=1177)",0.9089404910738683,8.314890194342413e-08,0.000666000666000666
friedman.arff,36,"IF Input4 <= 0.39 THEN class = {11.04} [6.68, 15.41] (p=294, n=146, P=601, N=599)","IF Input1 <= 0.02 THEN class = {9.19} [5.86, 12.52] (p=15, n=7, P=383, N=817)","IF Input4 <= 0.39 AND Input1 <= 0.02 THEN class = {5.73} [3.01, 8.45] (p=4, n=2, P=150, N=1050)",0.5842991335603651,0.0015265167227403076,0.0024124482328816694
friedman.arff,37,"IF Input4 >= 0.62 AND Input1 >= 0.38 AND Input2 >= 0.13 AND Input5 <= 0.92 AND Input3 <= 0.99 THEN class = {19.64} [16.35, 22.93] (p=187, n=75, P=387, N=813)","IF Input3 >= 0.98 THEN class = {19.15} [14.92, 23.38] (p=12, n=6, P=523, N=677)","IF Input4 >= 0.62 AND Input1 >= 0.38 AND Input2 >= 0.13 AND Input5 <= 0.92 AND Input3 <= 0.99 AND Input3 >= 0.98 THEN class = {23.94} [22.60, 25.27] (p=2, n=1, P=57, N=1143)",0.06528805104964652,0.013434709538947496,0.02696078431372549
friedman.arff,38,"IF Input2 <= 0.25 AND Input4 <= 0.42 THEN class = {8.22} [5.22, 11.23] (p=93, n=38, P=298, N=902)","IF Input1 <= 0.02 THEN class = {8.84} [4.93, 12.74] (p=25, n=11, P=422, N=778)","IF Input2 <= 0.25 AND Input4 <= 0.42 AND Input1 <= 0.02 THEN class = {4.10} [1.78, 6.43] (p=4, n=1, P=65, N=1135)",0.10138953212536131,0.003229218491920986,0.004079662167897462
friedman.arff,39,"IF Input4 <= 0.39 THEN class = {11.07} [6.72, 15.42] (p=297, n=150, P=599, N=601)","IF Input1 <= 0.02 THEN class = {9.19} [5.86, 12.52] (p=15, n=7, P=383, N=817)","IF Input4 <= 0.39 AND Input1 <= 0.02 THEN class = {5.73} [3.01, 8.45] (p=4, n=2, P=150, N=1050)",0.559951655529342,0.0014090040390290525,0.0024124482328816694
friedman.arff,40,"IF Input4 <= 0.40 THEN class = {11.15} [6.77, 15.52] (p=305, n=155, P=603, N=597)","IF Input1 <= 0.02 THEN class = {9.19} [5.86, 12.52] (p=15, n=7, P=383, N=817)","IF Input4 <= 0.40 AND Input1 <= 0.02 THEN class = {5.73} [3.01, 8.45] (p=4, n=2, P=150, N=1050)",0.5127608208603233,0.0012399860378274673,0.0024124482328816694
friedman.arff,41,"IF Input1 <= 0.39 AND Input4 <= 0.62 AND Input3 <= 0.89 THEN class = {9.58} [5.92, 13.24] (p=184, n=73, P=433, N=767)","IF Input4 <= 0.01 THEN class = {7.85} [3.18, 12.51] (p=9, n=5, P=421, N=779)","IF Input1 <= 0.39 AND Input4 <= 0.62 AND Input3 <= 0.89 AND Input4 <= 0.01 THEN class = {3.18} [1.55, 4.81] (p=4, n=2, P=23, N=1177)",0.19690784699283806,8.228760937811954e-07,0.000666000666000666
friedman.arff,42,"IF Input4 >= 0.55 AND Input1 >= 0.39 AND Input2 >= 0.41 THEN class = {20.86} [17.89, 23.82] (p=150, n=68, P=299, N=901)","IF Input3 <= 0.01 THEN class = {20.94} [16.84, 25.03] (p=5, n=4, P=377, N=823)","IF Input4 >= 0.55 AND Input1 >= 0.39 AND Input2 >= 0.41 AND Input3 <= 0.01 THEN class = {25.11} [23.68, 26.54] (p=1, n=2, P=36, N=1164)",0.20901470751268253,0.0065237202703908835,0.047619047619047616
friedman.arff,43,"IF Input4 <= 0.43 THEN class = {11.29} [6.88, 15.71] (p=319, n=167, P=610, N=590)","IF Input1 <= 0.01 THEN class = {8.99} [5.27, 12.71] (p=9, n=4, P=415, N=785)","IF Input4 <= 0.43 AND Input1 <= 0.01 THEN class = {5.10} [2.42, 7.78] (p=3, n=1, P=121, N=1079)",0.6755727496036599,0.004494409398673917,0.011188811188811189
friedman.arff,44,"IF Input4 <= 0.47 AND Input2 <= 0.39 THEN class = {9.27} [5.67, 12.86] (p=166, n=63, P=410, N=790)","IF Input1 <= 0.02 THEN class = {8.84} [4.93, 12.74] (p=25, n=11, P=422, N=778)","IF Input4 <= 0.47 AND Input2 <= 0.39 AND Input1 <= 0.02 THEN class = {4.80} [2.53, 7.08] (p=3, n=4, P=93, N=1107)",0.49055006071027574,0.0006662588838972581,0.0014420773196864277
friedman.arff,45,"IF Input4 <= 0.47 AND Input2 <= 0.50 AND Input1 <= 0.97 AND Input3 <= 0.92 THEN class = {9.35} [5.71, 12.98] (p=183, n=79, P=417, N=783)","IF Input2 <= 0.01 THEN class = {8.66} [5.63, 11.70] (p=5, n=3, P=316, N=884)","IF Input4 <= 0.47 AND Input2 <= 0.50 AND Input1 <= 0.97 AND Input3 <= 0.92 AND Input2 <= 0.01 THEN class = {5.47} [5.01, 5.93] (p=2, n=1, P=26, N=1174)",0.330864364812412,0.022007815821977444,0.03571428571428571
friedman.arff,46,"IF Input4 <= 0.47 AND Input3 <= 0.87 THEN class = {10.95} [6.73, 15.17] (p=313, n=151, P=569, N=631)","IF Input2 <= 0.01 THEN class = {8.66} [5.63, 11.70] (p=5, n=3, P=316, N=884)","IF Input4 <= 0.47 AND Input3 <= 0.87 AND Input2 <= 0.01 THEN class = {5.47} [5.01, 5.93] (p=2, n=1, P=26, N=1174)",0.8510686880028652,0.006479481641468682,0.03571428571428571
friedman.arff,47,"IF Input4 >= 0.48 AND Input1 >= 0.51 THEN class = {18.78} [14.91, 22.66] (p=254, n=112, P=507, N=693)","IF Input3 <= 0.02 THEN class = {18.33} [12.99, 23.67] (p=12, n=7, P=693, N=507)","IF Input4 >= 0.48 AND Input1 >= 0.51 AND Input3 <= 0.02 THEN class = {23.79} [21.62, 25.96] (p=3, n=2, P=105, N=1095)",0.06982048132133736,0.0017896346761373,0.007223942208462332
kidney.arff,0,"IF age <= 45.50 AND age >= 25.00 THEN class = {0.96} [0.48, 1.44] (p=24, n=4, P=44, N=32)","IF age <= 29.00 THEN class = {1.43} [0.77, 2.10] (p=6, n=6, P=38, N=38)","IF age <= 45.50 AND age >= 25.00 AND age <= 29.00 THEN class = {2.30} [2.30, 2.30] (p=2, n=0, P=2, N=74)",0.09168894332839637,0.021774474920213796,0.036367703731599296
laser.arff,0,"IF Input4 >= 164.50 AND Input1 <= 90.50 THEN class = {88.00} [37.71, 138.29] (p=12, n=1, P=501, N=492)","IF Input3 <= 86.50 THEN class = {65.17} [14.29, 116.05] (p=520, n=241, P=736, N=257)","IF Input4 >= 164.50 AND Input1 <= 90.50 AND Input3 <= 86.50 THEN class = {146.50} [95.17, 197.83] (p=3, n=1, P=187, N=806)",0.4971841351329108,0.002797202797202797,0.011137653518031185
laser.arff,1,"IF Input4 >= 164.50 AND Input1 <= 174.00 AND Input4 <= 206.50 THEN class = {99.39} [56.09, 142.69] (p=27, n=4, P=334, N=659)","IF Input2 <= 7.50 THEN class = {100.57} [19.66, 181.48] (p=15, n=13, P=772, N=221)","IF Input4 >= 164.50 AND Input1 <= 174.00 AND Input4 <= 206.50 AND Input2 <= 7.50 THEN class = {182.25} [134.50, 230.00] (p=2, n=2, P=84, N=909)",0.4279203687203442,0.005104308558404187,0.038606243403359275
laser.arff,2,"IF Input1 >= 44.50 AND Input2 <= 44.50 AND Input3 <= 153.50 AND Input3 >= 8.00 AND Input4 <= 95.50 THEN class = {115.25} [74.13, 156.36] (p=129, n=37, P=253, N=740)","IF Input2 <= 9.50 THEN class = {113.52} [32.42, 194.63] (p=25, n=23, P=613, N=380)","IF Input1 >= 44.50 AND Input2 <= 44.50 AND Input3 <= 153.50 AND Input3 >= 8.00 AND Input4 <= 95.50 AND Input2 <= 9.50 THEN class = {203.44} [168.87, 238.02] (p=7, n=2, P=33, N=960)",0.05032086583593913,2.603992584046771e-06,0.0002956829879414884
pbc.arff,0,"IF Z8 >= 13.90 THEN class = {811.41} [172.74, 1,450.07] (p=17, n=5, P=159, N=259)","IF Z9 <= 200.50 THEN class = {1,414.19} [73.71, 2,754.67] (p=16, n=5, P=320, N=98)","IF Z8 >= 13.90 AND Z9 <= 200.50 THEN class = {59.00} [41.00, 77.00] (p=2, n=0, P=6, N=412)",0.255140625810503,0.008658008658008658,0.01904761904761905
pbc.arff,1,"IF Z11 <= 17.50 THEN class = {2,644.38} [1,944.53, 3,344.22] (p=12, n=4, P=131, N=287)","IF Z2 <= 46.50 THEN class = {1,999.96} [911.88, 3,088.05] (p=104, n=52, P=271, N=147)","IF Z11 <= 17.50 AND Z2 <= 46.50 THEN class = {3,487.25} [2,969.43, 4,005.07] (p=2, n=2, P=55, N=363)",0.05029043354830208,0.004395604395604396,0.009138536350442466
pbc.arff,2,"IF Z16 <= 10.35 AND Z8 <= 3.95 AND Z10 <= 3.79 AND Z16 >= 9.45 THEN class = {1,946.69} [1,210.87, 2,682.51] (p=82, n=24, P=197, N=221)","IF Z9 >= 449.00 THEN class = {1,856.65} [857.53, 2,855.77] (p=34, n=15, P=263, N=155)","IF Z16 <= 10.35 AND Z8 <= 3.95 AND Z10 <= 3.79 AND Z16 >= 9.45 AND Z9 >= 449.00 THEN class = {2,933.17} [1,889.99, 3,976.35] (p=4, n=2, P=165, N=253)",0.0790022244892701,0.030236508309034238,0.009129124696720838
pbc.arff,3,"IF Z11 >= 238.50 THEN class = {1,297.50} [371.03, 2,223.97] (p=15, n=3, P=233, N=185)","IF Z13 >= 199.95 THEN class = {1,696.37} [537.70, 2,855.04] (p=18, n=9, P=298, N=120)","IF Z11 >= 238.50 AND Z13 >= 199.95 THEN class = {197.50} [131.00, 264.00] (p=2, n=0, P=14, N=404)",0.2042660344349192,0.013071895424836602,0.03418803418803419
pbc.arff,4,"IF Z11 <= 35.50 AND Z9 >= 229.00 THEN class = {2,559.91} [1,758.19, 3,361.63] (p=26, n=8, P=153, N=265)","IF Z15 >= 386.50 THEN class = {2,103.51} [882.37, 3,324.65] (p=26, n=15, P=289, N=129)","IF Z11 <= 35.50 AND Z9 >= 229.00 AND Z15 >= 386.50 THEN class = {3,491.00} [2,910.31, 4,071.69] (p=3, n=2, P=61, N=357)",0.07810784913318501,0.003658501523776666,0.0042727629377180085
pbc.arff,5,"IF Z16 <= 10.65 AND Z9 <= 333.00 AND Z8 <= 3.95 AND Z2 >= 31.00 THEN class = {2,248.89} [1,380.83, 3,116.95] (p=64, n=18, P=196, N=222)","IF Z2 <= 32.50 THEN class = {2,259.38} [1,204.62, 3,314.15] (p=9, n=4, P=241, N=177)","IF Z16 <= 10.65 AND Z9 <= 333.00 AND Z8 <= 3.95 AND Z2 >= 31.00 AND Z2 <= 32.50 THEN class = {4,111.50} [4,039.00, 4,184.00] (p=2, n=0, P=6, N=412)",0.16331778362157723,0.02714437816045141,0.02564102564102564
pbc.arff,6,"IF Z8 >= 3.55 THEN class = {1,115.57} [297.09, 1,934.06] (p=69, n=29, P=209, N=209)","IF Z9 <= 182.50 THEN class = {1,637.85} [85.67, 3,190.02] (p=8, n=5, P=350, N=68)","IF Z8 >= 3.55 AND Z9 <= 182.50 THEN class = {83.00} [46.01, 119.99] (p=1, n=2, P=6, N=412)",0.09816126013443119,0.006688841922291808,0.006993006993006993
pbc.arff,7,"IF Z11 <= 69.50 AND Z10 >= 3.60 THEN class = {2,603.62} [1,705.04, 3,502.20] (p=57, n=27, P=167, N=251)","IF Z12 >= 5,348.00 THEN class = {2,781.40} [1,244.54, 4,318.26] (p=12, n=13, P=277, N=141)","IF Z11 <= 69.50 AND Z10 >= 3.60 AND Z12 >= 5,348.00 THEN class = {4,521.67} [4,497.11, 4,546.22] (p=2, n=1, P=3, N=415)",0.9646993835074646,0.003539552038995983,0.0034782608695652175
pbc.arff,8,"IF Z11 <= 69.50 AND Z13 <= 135.93 AND Z10 >= 3.33 AND Z2 >= 41.50 THEN class = {2,599.42} [1,731.72, 3,467.12] (p=61, n=23, P=163, N=255)","IF Z12 >= 5,348.00 THEN class = {2,781.40} [1,244.54, 4,318.26] (p=12, n=13, P=277, N=141)","IF Z11 <= 69.50 AND Z13 <= 135.93 AND Z10 >= 3.33 AND Z2 >= 41.50 AND Z12 >= 5,348.00 THEN class = {4,521.67} [4,497.11, 4,546.22] (p=2, n=1, P=3, N=415)",0.9903696499964608,0.003539552038995983,0.0034782608695652175
pbc.arff,9,"IF Z16 <= 10.95 AND Z16 >= 10.75 THEN class = {1,586.97} [724.08, 2,449.85] (p=26, n=5, P=238, N=180)","IF Z15 >= 381.50 THEN class = {2,060.82} [855.03, 3,266.61] (p=28, n=16, P=289, N=129)","IF Z16 <= 10.95 AND Z16 >= 10.75 AND Z15 >= 381.50 THEN class = {3,866.00} [3,707.00, 4,025.00] (p=2, n=0, P=11, N=407)",0.0528713176887083,0.004301075268817204,0.02536997885835095
pbc.arff,10,"IF D = {0} THEN class = {2,256.60} [1,258.30, 3,254.90] (p=172, n=85, P=228, N=190)","IF Z12 >= 5,348.00 THEN class = {2,781.40} [1,244.54, 4,318.26] (p=12, n=13, P=277, N=141)","IF D = {0} AND Z12 >= 5,348.00 THEN class = {4,486.75} [4,446.99, 4,526.51] (p=6, n=2, P=6, N=412)",0.46844831452725033,1.8267058433453094e-06,1.8491551672329704e-06
plastic.arff,0,"IF Strength <= 22.25 AND Strength >= 21.85 THEN class = {16.44} [13.82, 19.07] (p=18, n=9, P=825, N=825)","IF Temperature >= 225.00 THEN class = {15.00} [11.58, 18.42] (p=800, n=400, P=1100, N=550)","IF Strength <= 22.25 AND Strength >= 21.85 AND Temperature >= 225.00 THEN class = {19.33} [18.39, 20.28] (p=6, n=3, P=275, N=1375)",0.9581894855138727,6.391480128680907e-05,0.00013438432929909725
plastic.arff,1,"IF Strength <= 24.00 AND Strength >= 23.75 THEN class = {16.44} [13.82, 19.07] (p=6, n=3, P=825, N=825)","IF Temperature >= 225.00 THEN class = {15.00} [11.58, 18.42] (p=800, n=400, P=1100, N=550)","IF Strength <= 24.00 AND Strength >= 23.75 AND Temperature >= 225.00 THEN class = {19.33} [18.39, 20.28] (p=2, n=1, P=275, N=1375)",0.9923740126642316,0.03564948854888944,0.027921311958900148
plastic.arff,2,"IF Strength <= 24.25 AND Temperature >= 205.00 AND Strength >= 23.85 THEN class = {16.44} [13.82, 19.07] (p=18, n=9, P=825, N=825)","IF Temperature >= 235.00 THEN class = {15.00} [11.58, 18.42] (p=700, n=350, P=1100, N=550)","IF Strength <= 24.25 AND Temperature >= 205.00 AND Strength >= 23.85 AND Temperature >= 235.00 THEN class = {19.33} [18.39, 20.28] (p=6, n=3, P=275, N=1375)",0.9522253770804685,6.391480128680907e-05,0.0001334262801702439
plastic.arff,3,"IF Strength <= 24.35 AND Strength >= 18.15 AND Temperature <= 205.00 THEN class = {13.85} [11.36, 16.34] (p=61, n=19, P=825, N=825)","IF Strength >= 23.10 THEN class = {14.39} [11.05, 17.74] (p=702, n=617, P=825, N=825)","IF Strength <= 24.35 AND Strength >= 18.15 AND Temperature <= 205.00 AND Strength >= 23.10 THEN class = {11.00} [9.75, 12.25] (p=13, n=1, P=550, N=1100)",0.6831148356206189,1.6675569559609656e-06,8.256834132278233e-05
plastic.arff,4,"IF Strength <= 24.35 AND Strength >= 18.15 AND Temperature >= 205.00 AND Strength >= 22.55 THEN class = {16.57} [13.96, 19.19] (p=62, n=32, P=825, N=825)","IF Temperature >= 235.00 THEN class = {15.00} [11.58, 18.42] (p=700, n=350, P=1100, N=550)","IF Strength <= 24.35 AND Strength >= 18.15 AND Temperature >= 205.00 AND Strength >= 22.55 AND Temperature >= 235.00 THEN class = {19.31} [18.36, 20.26] (p=19, n=10, P=275, N=1375)",0.24066558837534024,5.1158807601247055e-12,5.658536508703352e-12
plastic.arff,5,"IF Strength <= 24.55 AND Strength >= 24.45 THEN class = {16.44} [13.82, 19.07] (p=6, n=3, P=825, N=825)","IF Temperature >= 225.00 THEN class = {15.00} [11.58, 18.42] (p=800, n=400, P=1100, N=550)","IF Strength <= 24.55 AND Strength >= 24.45 AND Temperature >= 225.00 THEN class = {19.33} [18.39, 20.28] (p=2, n=1, P=275, N=1375)",0.9923740126642316,0.03564948854888944,0.027921311958900148
plastic.arff,6,"IF Strength >= 35.10 AND Strength <= 42.15 AND Temperature >= 255.00 AND Strength <= 35.60 THEN class = {15.00} [12.00, 18.00] (p=16, n=4, P=1100, N=550)","IF Temperature <= 265.00 THEN class = {15.00} [11.58, 18.42] (p=700, n=350, P=1100, N=550)","IF Strength >= 35.10 AND Strength <= 42.15 AND Temperature >= 255.00 AND Strength <= 35.60 AND Temperature <= 265.00 THEN class = {11.00} [10.00, 12.00] (p=4, n=0, P=550, N=1100)",0.2539850034738633,0.0046175226425637286,0.01904347599797174
plastic.arff,7,"IF Strength >= 34.35 AND Strength <= 42.15 AND Temperature >= 285.00 AND Strength <= 40.55 AND Strength >= 34.45 THEN class = {16.22} [13.87, 18.57] (p=113, n=32, P=825, N=825)","IF Strength <= 34.65 THEN class = {15.74} [12.41, 19.07] (p=627, n=551, P=825, N=825)","IF Strength >= 34.35 AND Strength <= 42.15 AND Temperature >= 285.00 AND Strength <= 40.55 AND Strength >= 34.45 AND Strength <= 34.65 THEN class = {19.20} [18.22, 20.18] (p=3, n=2, P=275, N=1375)",0.4398606435464747,0.003899925733663981,0.015532199875900385
plastic.arff,8,"IF Strength <= 25.40 AND Strength >= 18.15 AND Temperature <= 245.00 AND Strength >= 22.35 AND Strength >= 25.10 THEN class = {13.56} [10.93, 16.18] (p=6, n=3, P=825, N=825)","IF Temperature <= 215.00 THEN class = {15.00} [11.58, 18.42] (p=200, n=100, P=1100, N=550)","IF Strength <= 25.40 AND Strength >= 18.15 AND Temperature <= 245.00 AND Strength >= 22.35 AND Strength >= 25.10 AND Temperature <= 215.00 THEN class = {10.67} [9.72, 11.61] (p=2, n=1, P=275, N=1375)",0.9695383610149734,0.03564948854888944,0.0277080496981254
plastic.arff,9,"IF Strength >= 33.60 AND Strength <= 42.55 AND Temperature >= 285.00 THEN class = {15.58} [12.73, 18.43] (p=139, n=72, P=825, N=825)","IF Strength <= 34.25 THEN class = {15.77} [12.44, 19.09] (p=609, n=534, P=825, N=825)","IF Strength >= 33.60 AND Strength <= 42.55 AND Temperature >= 285.00 AND Strength <= 34.25 THEN class = {19.23} [18.26, 20.20] (p=8, n=5, P=275, N=1375)",0.05627664466456091,1.494338681291608e-06,8.309918798073079e-05
plastic.arff,10,"IF Strength <= 26.25 AND Temperature >= 215.00 AND Strength >= 25.85 THEN class = {16.44} [13.82, 19.07] (p=18, n=9, P=825, N=825)","IF Temperature >= 245.00 THEN class = {15.00} [11.58, 18.42] (p=600, n=300, P=1100, N=550)","IF Strength <= 26.25 AND Temperature >= 215.00 AND Strength >= 25.85 AND Temperature >= 245.00 THEN class = {19.33} [18.39, 20.28] (p=6, n=3, P=275, N=1375)",0.9442781054844925,6.391480128680907e-05,0.00013215637041303905
plastic.arff,11,"IF Strength <= 26.25 AND Strength >= 18.15 AND Temperature <= 215.00 THEN class = {14.12} [11.36, 16.88] (p=134, n=62, P=825, N=825)","IF Strength >= 25.10 THEN class = {14.27} [10.94, 17.60] (p=630, n=552, P=825, N=825)","IF Strength <= 26.25 AND Strength >= 18.15 AND Temperature <= 215.00 AND Strength >= 25.10 THEN class = {10.84} [9.66, 12.02] (p=18, n=1, P=550, N=1100)",0.32647756569135955,2.9556414094156817e-08,2.4657631726810945e-06
plastic.arff,12,"IF Strength <= 26.35 AND Temperature >= 215.00 AND Strength >= 24.55 THEN class = {16.57} [13.96, 19.19] (p=62, n=32, P=825, N=825)","IF Temperature >= 245.00 THEN class = {15.00} [11.58, 18.42] (p=600, n=300, P=1100, N=550)","IF Strength <= 26.35 AND Temperature >= 215.00 AND Strength >= 24.55 AND Temperature >= 245.00 THEN class = {19.31} [18.36, 20.26] (p=19, n=10, P=275, N=1375)",0.21883418716148595,5.1158807601247055e-12,5.064644624224084e-12
plastic.arff,13,"IF Strength >= 33.25 AND Temperature <= 285.00 AND Strength <= 33.75 THEN class = {13.45} [10.88, 16.03] (p=15, n=7, P=825, N=825)","IF Temperature <= 255.00 THEN class = {15.00} [11.58, 18.42] (p=600, n=300, P=1100, N=550)","IF Strength >= 33.25 AND Temperature <= 285.00 AND Strength <= 33.75 AND Temperature <= 255.00 THEN class = {10.57} [9.67, 11.47] (p=5, n=2, P=275, N=1375)",0.7826431742622788,0.0004064625229557355,0.0005793086498225122
plastic.arff,14,"IF Strength >= 33.10 AND Strength <= 42.55 AND Temperature >= 285.00 THEN class = {15.69} [12.80, 18.57] (p=141, n=76, P=825, N=825)","IF Strength <= 34.35 THEN class = {15.76} [12.43, 19.09] (p=612, n=537, P=825, N=825)","IF Strength >= 33.10 AND Strength <= 42.55 AND Temperature >= 285.00 AND Strength <= 34.35 THEN class = {19.24} [18.27, 20.21] (p=13, n=8, P=275, N=1375)",0.05448136686198407,1.3618988953420712e-09,4.763446847358128e-07
plastic.arff,15,"IF Strength >= 32.65 AND Strength <= 42.55 AND Temperature >= 285.00 THEN class = {15.78} [12.88, 18.69] (p=143, n=80, P=825, N=825)","IF Strength <= 34.55 THEN class = {15.75} [12.41, 19.08] (p=621, n=545, P=825, N=825)","IF Strength >= 32.65 AND Strength <= 42.55 AND Temperature >= 285.00 AND Strength <= 34.55 THEN class = {19.13} [18.02, 20.25] (p=18, n=12, P=275, N=1375)",0.057672824992436,3.4190395626510244e-12,4.5591975961764046e-09
plastic.arff,16,"IF Strength >= 32.45 AND Strength <= 42.55 AND Temperature >= 255.00 AND Strength <= 39.60 AND Temperature >= 275.00 THEN class = {16.36} [13.76, 18.97] (p=167, n=70, P=825, N=825)","IF Strength <= 32.65 THEN class = {15.85} [12.54, 19.16] (p=552, n=477, P=825, N=825)","IF Strength >= 32.45 AND Strength <= 42.55 AND Temperature >= 255.00 AND Strength <= 39.60 AND Temperature >= 275.00 AND Strength <= 32.65 THEN class = {19.20} [18.22, 20.18] (p=3, n=2, P=275, N=1375)",0.15321607496679196,0.009936403609459377,0.01786443290494618
plastic.arff,17,"IF Strength >= 32.00 AND Strength <= 42.55 AND Temperature >= 255.00 AND Strength <= 40.15 AND Temperature >= 275.00 THEN class = {16.33} [13.66, 19.01] (p=182, n=83, P=825, N=825)","IF Strength <= 32.35 THEN class = {15.88} [12.57, 19.18] (p=537, n=462, P=825, N=825)","IF Strength >= 32.00 AND Strength <= 42.55 AND Temperature >= 255.00 AND Strength <= 40.15 AND Temperature >= 275.00 AND Strength <= 32.35 THEN class = {19.20} [18.22, 20.18] (p=6, n=4, P=275, N=1375)",0.2598785889050418,0.0002863946329570194,0.0008304698333676543
plastic.arff,18,"IF Strength <= 28.25 AND Temperature >= 225.00 AND Strength >= 27.85 THEN class = {16.44} [13.82, 19.07] (p=18, n=9, P=825, N=825)","IF Temperature >= 255.00 THEN class = {15.00} [11.58, 18.42] (p=500, n=250, P=1100, N=550)","IF Strength <= 28.25 AND Temperature >= 225.00 AND Strength >= 27.85 AND Temperature >= 255.00 THEN class = {19.33} [18.39, 20.28] (p=6, n=3, P=275, N=1375)",0.9331625232936775,6.391480128680907e-05,0.00013039282580703306
plastic.arff,19,"IF Strength <= 28.35 AND Temperature >= 225.00 AND Strength >= 26.55 THEN class = {16.57} [13.96, 19.19] (p=62, n=32, P=825, N=825)","IF Temperature >= 255.00 THEN class = {15.00} [11.58, 18.42] (p=500, n=250, P=1100, N=550)","IF Strength <= 28.35 AND Temperature >= 225.00 AND Strength >= 26.55 AND Temperature >= 255.00 THEN class = {19.31} [18.36, 20.26] (p=19, n=10, P=275, N=1375)",0.19071266670391185,5.1158807601247055e-12,4.32876573254277e-12
plastic.arff,20,"IF Strength >= 31.25 AND Temperature <= 275.00 AND Strength <= 31.75 THEN class = {13.45} [10.88, 16.03] (p=15, n=7, P=825, N=825)","IF Temperature <= 245.00 THEN class = {15.00} [11.58, 18.42] (p=500, n=250, P=1100, N=550)","IF Strength >= 31.25 AND Temperature <= 275.00 AND Strength <= 31.75 AND Temperature <= 245.00 THEN class = {10.57} [9.67, 11.47] (p=5, n=2, P=275, N=1375)",0.775117554479813,0.0004064625229557355,0.0005746812101249622
plastic.arff,21,"IF Strength >= 31.10 AND Temperature <= 285.00 AND Strength <= 38.15 AND Temperature >= 245.00 AND Strength <= 32.35 THEN class = {15.89} [13.44, 18.35] (p=41, n=14, P=825, N=825)","IF Temperature >= 275.00 THEN class = {15.00} [11.58, 18.42] (p=300, n=150, P=1100, N=550)","IF Strength >= 31.10 AND Temperature <= 285.00 AND Strength <= 38.15 AND Temperature >= 245.00 AND Strength <= 32.35 AND Temperature >= 275.00 THEN class = {18.77} [17.80, 19.74] (p=8, n=5, P=275, N=1375)",0.778093029880809,1.3109845026442993e-06,5.531566929838381e-05
plastic.arff,22,"IF Strength >= 30.55 AND Strength <= 42.55 AND Temperature >= 245.00 AND Strength <= 32.35 THEN class = {16.57} [13.96, 19.19] (p=62, n=32, P=825, N=825)","IF Temperature >= 275.00 THEN class = {15.00} [11.58, 18.42] (p=300, n=150, P=1100, N=550)","IF Strength >= 30.55 AND Strength <= 42.55 AND Temperature >= 245.00 AND Strength <= 32.35 AND Temperature >= 275.00 THEN class = {19.31} [18.36, 20.26] (p=19, n=10, P=275, N=1375)",0.10433296290273028,5.1158807601247055e-12,2.2610846895295666e-12
plastic.arff,23,"IF Strength >= 30.15 AND Temperature <= 285.00 AND Strength <= 38.55 AND Temperature >= 275.00 THEN class = {16.30} [13.70, 18.90] (p=70, n=30, P=825, N=825)","IF Strength <= 32.15 THEN class = {15.90} [12.61, 19.20] (p=522, n=447, P=825, N=825)","IF Strength >= 30.15 AND Temperature <= 285.00 AND Strength <= 38.55 AND Temperature >= 275.00 AND Strength <= 32.15 THEN class = {19.26} [18.30, 20.23] (p=12, n=7, P=275, N=1375)",0.27352387597416716,1.6170020103244077e-08,2.4400535722932355e-06
pollution.arff,0,"IF NONW <= 5.20 THEN class = {903.41} [854.80, 952.01] (p=13, n=4, P=28, N=32)","IF POOR <= 11.00 THEN class = {913.42} [846.71, 980.14] (p=7, n=3, P=40, N=20)","IF NONW <= 5.20 AND POOR <= 11.00 THEN class = {840.88} [804.77, 876.98] (p=2, n=1, P=10, N=50)",0.360061919504644,0.032352941176470584,0.016666666666666666
pollution.arff,1,"IF NONW <= 9.15 THEN class = {905.15} [855.53, 954.76] (p=21, n=8, P=31, N=29)","IF JANT >= 39.50 THEN class = {934.44} [852.57, 1,016.32] (p=11, n=5, P=50, N=10)","IF NONW <= 9.15 AND JANT >= 39.50 THEN class = {847.88} [808.62, 887.15] (p=2, n=2, P=10, N=50)",0.05355297272715545,0.01633615426718875,0.019780219780219783
pwlinear.arff,0,"IF a1 <= 0.00 AND a9 <= 0.50 AND a3 >= -0.50 AND a7 <= 0.50 THEN class = {3.79} [0.98, 6.59] (p=21, n=5, P=59, N=141)","IF a2 >= 0.50 THEN class = {1.20} [-4.35, 6.75] (p=33, n=22, P=149, N=51)","IF a1 <= 0.00 AND a9 <= 0.50 AND a3 >= -0.50 AND a7 <= 0.50 AND a2 >= 0.50 THEN class = {7.54} [4.74, 10.33] (p=4, n=2, P=27, N=173)",0.09962645737584308,0.0005559657733570777,0.0025201386355659383
sensory.arff,0,"IF Rows = {2} AND Interval = {2} AND Judges = {4} THEN class = {15.88} [15.20, 16.55] (p=12, n=4, P=229, N=347)","IF Trellis = {3} THEN class = {15.28} [14.48, 16.09] (p=112, n=32, P=448, N=128)","IF Rows = {2} AND Interval = {2} AND Judges = {4} AND Trellis = {3} THEN class = {16.75} [16.19, 17.31] (p=2, n=2, P=37, N=539)",0.07728548000637192,0.007555477063217064,0.0025853152085068927
sensory.arff,1,"IF Occasion = {2} AND Position = {1} AND Squares = {2} AND Trellis = {2} THEN class = {14.86} [14.14, 15.58] (p=13, n=5, P=370, N=206)","IF Sittings = {3} THEN class = {15.03} [14.21, 15.86] (p=100, n=44, P=370, N=206)","IF Occasion = {2} AND Position = {1} AND Squares = {2} AND Trellis = {2} AND Sittings = {3} THEN class = {14.00} [13.50, 14.50] (p=4, n=0, P=189, N=387)",0.8523294681231266,0.01456553712169333,0.012474063252225958
sensory.arff,2,"IF Columns = {2} AND Rows = {3} AND Occasion = {1} THEN class = {14.81} [13.89, 15.73] (p=17, n=7, P=429, N=147)","IF Judges = {4} THEN class = {14.86} [13.93, 15.80] (p=71, n=25, P=429, N=147)","IF Columns = {2} AND Rows = {3} AND Occasion = {1} AND Judges = {4} THEN class = {13.62} [13.21, 14.04] (p=3, n=1, P=80, N=496)",0.6620875657908318,0.006090382340609658,0.005813058744626619
stock.arff,0,"IF Company4 >= 51.94 THEN class = {46.96} [44.08, 49.84] (p=129, n=21, P=305, N=645)","IF Company8 <= 25.94 THEN class = {46.18} [39.33, 53.03] (p=385, n=302, P=595, N=355)","IF Company4 >= 51.94 AND Company8 <= 25.94 THEN class = {53.48} [48.59, 58.37] (p=10, n=3, P=345, N=605)",0.2978843148597574,0.0003496951157007287,4.2168103197178416e-05
stock.arff,1,"IF Company4 >= 51.44 THEN class = {47.10} [44.05, 50.15] (p=137, n=22, P=327, N=623)","IF Company8 <= 26.06 THEN class = {46.20} [39.36, 53.04] (p=388, n=303, P=595, N=355)","IF Company4 >= 51.44 AND Company8 <= 26.06 THEN class = {53.14} [48.35, 57.92] (p=13, n=5, P=345, N=605)",0.2778982934907829,1.0838757917362387e-05,4.4892395879418946e-06
stock.arff,2,"IF Company4 >= 50.94 THEN class = {47.42} [44.07, 50.78] (p=140, n=28, P=350, N=600)","IF Company8 <= 26.06 THEN class = {46.20} [39.36, 53.04] (p=388, n=303, P=595, N=355)","IF Company4 >= 50.94 AND Company8 <= 26.06 THEN class = {53.70} [49.41, 57.99] (p=19, n=5, P=316, N=634)",0.18960744159412857,1.3155804816768252e-08,1.2453483502288174e-08
stock.arff,3,"IF Company9 <= 41.44 THEN class = {46.24} [43.22, 49.26] (p=172, n=49, P=321, N=629)","IF Company5 >= 64.06 THEN class = {46.55} [40.21, 52.89] (p=191, n=162, P=550, N=400)","IF Company9 <= 41.44 AND Company5 >= 64.06 THEN class = {40.05} [37.75, 42.34] (p=10, n=3, P=184, N=766)",0.8509394805084682,3.593134038244184e-08,0.00013018152106053838
stock.arff,4,"IF Company2 <= 30.31 THEN class = {47.80} [44.49, 51.11] (p=131, n=36, P=329, N=621)","IF Company9 >= 42.19 THEN class = {47.58} [40.30, 54.86] (p=371, n=305, P=610, N=340)","IF Company2 <= 30.31 AND Company9 >= 42.19 THEN class = {55.19} [49.54, 60.85] (p=6, n=3, P=348, N=602)",0.532651494638486,0.0013369138879861665,0.0012999561455869766
stock.arff,5,"IF Company8 >= 25.06 THEN class = {49.12} [44.09, 54.15] (p=231, n=73, P=473, N=477)","IF Company9 >= 47.69 THEN class = {49.92} [41.91, 57.93] (p=134, n=92, P=657, N=293)","IF Company8 >= 25.06 AND Company9 >= 47.69 THEN class = {58.58} [57.52, 59.64] (p=18, n=13, P=34, N=916)",0.05163762237472343,2.0030086813754892e-16,1.4431372063716478e-18
stock.arff,6,"IF Company7 >= 80.81 THEN class = {47.80} [44.30, 51.29] (p=82, n=29, P=349, N=601)","IF Company8 <= 26.06 THEN class = {46.20} [39.36, 53.04] (p=388, n=303, P=595, N=355)","IF Company7 >= 80.81 AND Company8 <= 26.06 THEN class = {53.15} [49.24, 57.07] (p=18, n=4, P=301, N=649)",0.24521891224853254,9.298819161799833e-08,7.72198789655648e-07
stock.arff,7,"IF Company2 <= 49.81 AND Company4 >= 45.19 THEN class = {47.08} [44.30, 49.86] (p=165, n=35, P=283, N=667)","IF Company7 <= 67.56 THEN class = {46.89} [38.76, 55.01] (p=197, n=201, P=690, N=260)","IF Company2 <= 49.81 AND Company4 >= 45.19 AND Company7 <= 67.56 THEN class = {55.48} [49.73, 61.23] (p=4, n=2, P=344, N=606)",0.7310249362761876,0.001921958819663691,0.0075154122384303345
stock.arff,8,"IF Company7 >= 80.19 THEN class = {48.17} [44.51, 51.84] (p=96, n=41, P=360, N=590)","IF Company8 <= 26.06 THEN class = {46.20} [39.36, 53.04] (p=388, n=303, P=595, N=355)","IF Company7 >= 80.19 AND Company8 <= 26.06 THEN class = {53.45} [50.12, 56.78] (p=29, n=4, P=250, N=700)",0.1175708620802451,1.3434282923037657e-12,3.3491325043415173e-10
treasury.arff,0,"IF federalFunds >= 388.95 AND 3Y-CMaturityRate <= 5.21 THEN class = {5.42} [5.13, 5.71] (p=114, n=5, P=193, N=856)","IF checkableDeposits >= 1,131.35 THEN class = {5.13} [4.18, 6.08] (p=81, n=18, P=362, N=687)","IF federalFunds >= 388.95 AND 3Y-CMaturityRate <= 5.21 AND checkableDeposits >= 1,131.35 THEN class = {3.48} [3.32, 3.64] (p=0, n=2, P=12, N=1037)",0.18914057649311844,0.01592932496971608,0.04009077294181678
treasury.arff,1,"IF currency >= 3,616.40 THEN class = {5.40} [5.13, 5.68] (p=170, n=44, P=189, N=860)","IF checkableDeposits >= 1,131.35 THEN class = {5.13} [4.18, 6.08] (p=81, n=18, P=362, N=687)","IF currency >= 3,616.40 AND checkableDeposits >= 1,131.35 THEN class = {6.27} [6.05, 6.48] (p=0, n=2, P=27, N=1022)",0.34714769502477494,0.016646493896838557,0.017487906939282837
treasury.arff,2,"IF currency >= 3,474.10 THEN class = {5.46} [5.17, 5.76] (p=190, n=60, P=214, N=835)","IF checkableDeposits >= 1,148.30 THEN class = {5.31} [4.70, 5.92] (p=18, n=17, P=297, N=752)","IF currency >= 3,474.10 AND checkableDeposits >= 1,148.30 THEN class = {5.94} [5.83, 6.05] (p=2, n=2, P=59, N=990)",0.054602198415202544,0.002003197933426212,0.04870389454839456
triazines.arff,0,"IF p4_branch >= 0.40 THEN class = {0.58} [0.43, 0.73] (p=29, n=8, P=107, N=79)","IF p4_flex <= 0.16 THEN class = {0.61} [0.40, 0.82] (p=47, n=20, P=161, N=25)","IF p4_branch >= 0.40 AND p4_flex <= 0.16 THEN class = {0.10} [0.10, 0.10] (p=2, n=0, P=2, N=184)",0.2358899763546255,0.02041655362356212,0.0174554600557463
veteran.arff,0,"IF age >= 58.50 AND karnofsky >= 55.00 AND karnofsky <= 77.50 THEN class = {105.46} [21.27, 189.65] (p=31, n=4, P=81, N=56)","IF months >= 13.50 THEN class = {112.90} [17.49, 208.32] (p=12, n=9, P=92, N=45)","IF age >= 58.50 AND karnofsky >= 55.00 AND karnofsky <= 77.50 AND months >= 13.50 THEN class = {208.75} [154.60, 262.90] (p=2, n=2, P=16, N=121)",0.4834571941042962,0.005529875282088583,0.03525687466487128
