dataset,model,thread_time,process_time,raw_time,liczba_regul,liczba_wyjatkow,srednia_dlugosc_reguly,suma_warunkow,avg_precision,avg_coverage,rmse_train,rmse_test,mae_train,mae_test
auto-mpg.arff,RuleKit,0.7248577520000001,11.146103017,1.8150396347045898,15,0,3.533333333333333,53,0.83,0.77,4.680055911110194,4.246442436143886,3.5174939749521803,3.5327014322684134
auto-mpg.arff,RegressionRules,2.4625126160000006,2.7328443510000007,2.4625484943389893,16,0,5.0,80,0.84,0.74,4.997970885011118,4.26074484956796,3.7427392079274773,3.4759943614336057
auto-mpg.arff,RegressionExceptionRules,11.655148159000001,11.666978375,11.65569806098938,16,0,5.0,80,0.84,0.74,4.997970885011118,4.26074484956796,3.7427392079274773,3.4759943614336057
auto-mpg.arff,DecisionTreeRegressor,0.008019921000002483,0.008031752999997366,0.008019685745239258,29,0,4.931034482758621,143,0.0,0.0,2.2124630584921468,3.05944838845013,1.565537615861357,2.18854304029304
auto-price.arff,RuleKit,0.10934024299999834,1.5768017050000012,0.13954997062683105,8,0,2.375,19,0.91,0.8,3409.190036659145,3114.317313995845,2046.0245282218123,2126.4806846667925
auto-price.arff,RegressionRules,1.2921896219999986,1.3476877829999978,1.2921779155731201,9,0,4.666666666666667,42,0.89,0.74,3926.218267693462,3264.5434070813235,2439.4866522269863,2150.2758540996088
auto-price.arff,RegressionExceptionRules,5.424631770000001,5.4273280029999995,5.424675464630127,9,0,4.666666666666667,42,0.89,0.74,3926.218267693462,3264.5434070813235,2439.4866522269863,2150.2758540996088
auto-price.arff,DecisionTreeRegressor,0.008560252999998852,0.008575843000002692,0.0085601806640625,19,0,4.526315789473684,86,0.0,0.0,1293.5619810909425,2415.723516430597,881.7384884884884,1704.005613425926
auto93.arff,RuleKit,0.10372895399999749,2.1310897850000003,0.15324068069458008,8,0,2.125,17,0.92,0.69,7.536641204819576,5.786819889083309,5.0680293458355195,4.345463885567638
auto93.arff,RegressionRules,0.942420680999998,0.955824659000001,0.9424235820770264,8,0,5.0,40,0.92,0.63,7.836859804604723,6.203268861224797,5.536906562562015,4.750706685597052
auto93.arff,RegressionExceptionRules,4.300962275,4.303403290999995,4.301852464675903,8,1,4.625,37,0.93,0.6,8.031118535920564,6.023702901799802,5.606751708443468,4.694110433110929
auto93.arff,DecisionTreeRegressor,0.015416310999999183,0.015486082000002455,0.01541590690612793,15,0,4.2,63,0.0,0.0,4.368976683956698,4.152313904123509,2.5444444444444447,2.873412698412698
baseball.arff,RuleKit,0.16201742000000152,7.687343660000003,0.652644157409668,31,0,3.3225806451612905,103,0.89,0.59,913.0814215740617,1016.8413293691851,629.2464168146361,712.4609370325336
baseball.arff,RegressionRules,8.991527227000002,9.297816056000002,8.991615533828735,33,0,5.0,165,0.89,0.57,1005.392249197337,1166.3325634114915,696.4627864979108,814.1673640507512
baseball.arff,RegressionExceptionRules,39.11332430299999,39.12873933,39.1211941242218,33,3,4.757575757575758,157,0.89,0.57,944.7256087400733,1094.0056172418685,662.89738318613,764.7032933106435
baseball.arff,DecisionTreeRegressor,0.008838987000004295,0.008919027000004576,0.00883936882019043,29,0,4.896551724137931,142,0.0,0.0,429.6876573155194,726.4573306562735,276.63565911878345,418.50552666202043
bodyfat.arff,RuleKit,0.09683819400000004,4.935465798999999,0.6835727691650391,25,0,2.56,64,0.87,0.92,2.6906648476485864,2.018886514664537,1.6890164616868895,1.4175779558964177
bodyfat.arff,RegressionRules,7.393186794000002,7.579479108000015,7.393343925476074,28,0,4.75,133,0.86,0.82,2.811638263639366,2.203044470713924,1.7894823314363315,1.530164903605028
bodyfat.arff,RegressionExceptionRules,40.961615640999995,40.97579979299999,40.9618284702301,28,0,4.75,133,0.86,0.82,2.811638263639366,2.203044470713924,1.7894823314363315,1.530164903605028
bodyfat.arff,DecisionTreeRegressor,0.008250412999998957,0.008256082999992032,0.008250236511230469,27,0,4.851851851851852,131,0.0,0.0,1.0277460854108649,1.2448297833923745,0.5322179903429902,0.7207225084856667
bolts.arff,RuleKit,0.018119636000008654,0.05012344499999699,0.023418426513671875,3,0,1.6666666666666667,5,0.82,0.8,16.60066821791491,14.402533025981342,10.937995649492501,11.663670409720796
bolts.arff,RegressionRules,0.08057385699999031,0.08059373500000788,0.08057308197021484,4,0,4.0,16,0.86,0.8,9.954289877193194,24.040007213066666,7.375849134599681,15.591192051774604
bolts.arff,RegressionExceptionRules,0.2891837100000032,0.28930448700000966,0.2891809940338135,4,0,4.0,16,0.86,0.8,9.954289877193194,24.040007213066666,7.375849134599681,15.591192051774604
bolts.arff,DecisionTreeRegressor,0.005183611000006749,0.005184683999999606,0.00518345832824707,8,0,3.125,25,0.0,0.0,4.309779079522025,14.455675039646257,3.3783809523809536,8.18361111111111
breasttumor.arff,RuleKit,0.09396263899999724,1.837058498999994,0.3430180549621582,34,0,3.0294117647058822,103,0.83,0.18,9.7215641518679,10.04545930828242,7.563072052318371,7.87735963974068
breasttumor.arff,RegressionRules,0.7227023049999985,0.72293785399998,0.7226955890655518,36,0,4.861111111111111,175,0.79,0.14,9.984954493958437,10.023357049814647,7.692596818981649,7.882486412614284
breasttumor.arff,RegressionExceptionRules,3.061477356999987,3.0692347990000144,3.0618808269500732,36,0,4.861111111111111,175,0.79,0.14,9.984954493958437,10.023357049814647,7.692596818981649,7.882486412614284
breasttumor.arff,DecisionTreeRegressor,0.013425988999983929,0.01344172800000365,0.013425827026367188,24,0,4.75,114,0.0,0.0,8.082617320552886,11.132104696090682,6.40001974448316,9.27253218515272
cholesterol.arff,RuleKit,0.1061568359999967,1.124428125999998,0.2463066577911377,37,0,3.4324324324324325,127,0.82,0.18,44.03469717988771,60.454440569466755,33.73320806564078,43.466744683279266
cholesterol.arff,RegressionRules,2.202682675999995,2.2530169610000144,2.2026848793029785,37,0,4.8108108108108105,178,0.81,0.16,44.06780771977634,60.583120881440124,33.91119209450671,43.74972179484831
cholesterol.arff,RegressionExceptionRules,10.731810276999994,10.736660217000008,10.732526540756226,37,2,4.702702702702703,174,0.81,0.17,44.04335613364228,59.758662440873486,33.9454185061571,42.986846199924955
cholesterol.arff,DecisionTreeRegressor,0.011147875999995449,0.011244917999988502,0.011147737503051758,23,0,4.6521739130434785,107,0.0,0.0,36.001366180397774,60.88740468479286,28.063375896630614,45.51489702780912
cloud.arff,RuleKit,0.025514004000001478,0.06889061900000115,0.032343149185180664,4,0,2.75,11,0.9,0.73,0.722901922780596,0.7175957601541131,0.41228233981997964,0.5008891568879346
cloud.arff,RegressionRules,0.4245357590000083,0.42934225999999853,0.4245431423187256,5,0,5.0,25,0.93,0.66,0.7133618537753441,0.6785558726886636,0.41251545139938356,0.4891213521912819
cloud.arff,RegressionExceptionRules,1.9901139790000002,1.9906883259999972,1.9902629852294922,5,0,5.0,25,0.93,0.66,0.7133618537753441,0.6785558726886636,0.41251545139938356,0.4891213521912819
cloud.arff,DecisionTreeRegressor,0.009353352000005088,0.009365143999986003,0.009353160858154297,17,0,4.764705882352941,81,0.0,0.0,0.3273054444525083,0.49925439057245663,0.17983682539682544,0.33942424242424246
compressive.arff,RuleKit,0.2587830159999953,9.764103363000004,1.3253049850463867,95,0,3.8421052631578947,365,0.82,0.23,9.833234077786813,11.257134197527426,7.5242380894986525,8.906323142123252
compressive.arff,RegressionRules,38.460769887,38.480214647,38.464075565338135,98,0,4.826530612244898,473,0.81,0.21,9.276733074472565,10.798945976629158,7.107706259793327,8.413724685564254
compressive.arff,RegressionExceptionRules,117.18224434599998,117.22947223399999,117.18479228019714,59,16,3.847457627118644,227,0.76,0.19,9.893365772847027,11.036866235423107,7.759298466660254,8.834647716282422
compressive.arff,DecisionTreeRegressor,0.008080263000010746,0.008162907999974323,0.008080244064331055,31,0,4.967741935483871,154,0.0,0.0,6.989022402482122,8.986455445941656,5.377496546894241,6.822953096918601
concrete.arff,RuleKit,0.04732856900000115,0.12078356500001064,0.06005740165710449,11,0,2.4545454545454546,27,0.85,0.46,5.736104971760178,7.0546861384216735,3.962115350121948,5.165478264006562
concrete.arff,RegressionRules,1.0353170970000178,1.0379618540000024,1.0354461669921875,12,0,4.833333333333333,58,0.82,0.39,6.3081439737159934,7.284252348379757,4.394849473082925,5.6810544126952225
concrete.arff,RegressionExceptionRules,2.8745796920000544,2.8755089369999496,2.8745858669281006,8,4,3.0,24,0.8,0.44,6.2085104856644575,7.377137121975015,4.629439882931233,5.936877539470067
concrete.arff,DecisionTreeRegressor,0.0075616610000110995,0.007646190000002662,0.007561922073364258,16,0,4.375,70,0.0,0.0,2.1276564970201766,3.0143430778661635,1.551103835978836,2.353518433179723
cpu.arff,RuleKit,0.050771074000010685,0.1238769449999495,0.06635046005249023,9,0,2.111111111111111,19,0.95,0.78,52.224853488417246,175.77344488056775,24.490338312054796,66.88510551707873
cpu.arff,RegressionRules,0.5749967000000424,0.5800950799999782,0.575141191482544,12,0,4.833333333333333,58,0.91,0.71,53.968119660143444,167.51793123253202,25.565877603570772,64.73808178485169
cpu.arff,RegressionExceptionRules,2.4674125559999993,2.4682124259999796,2.467534065246582,12,1,4.583333333333333,55,0.92,0.74,53.40835080470231,167.16870105917897,24.699994496110193,64.06660872451738
cpu.arff,DecisionTreeRegressor,0.011377898000034747,0.011466675000008308,0.011378049850463867,19,0,4.421052631578948,84,0.0,0.0,27.512772339502984,156.53729297712096,9.510932743021833,47.75578639251802
dee.arff,RuleKit,0.07238290999998753,1.701342636999982,0.5510389804840088,20,0,4.05,81,0.82,0.75,0.5407451178608881,0.5197525136770904,0.4015283001643242,0.39415994096285856
dee.arff,RegressionRules,9.138928763000024,9.142733979000013,9.139145374298096,22,0,4.863636363636363,107,0.82,0.74,0.5407027177149173,0.5153506335695186,0.4011364748513678,0.3904039547443586
dee.arff,RegressionExceptionRules,44.33038208800002,44.346282013999996,44.332432985305786,22,0,4.863636363636363,107,0.82,0.74,0.5407027177149173,0.5153506335695186,0.4011364748513678,0.3904039547443586
dee.arff,DecisionTreeRegressor,0.007280923999985589,0.00730476900002941,0.007280588150024414,29,0,4.896551724137931,142,0.0,0.0,0.29616989408013394,0.46276010288216174,0.21730188314300083,0.3492223115689866
diabetes.arff,RuleKit,0.008851414999980989,0.026082348000045386,0.011985540390014648,3,0,1.6666666666666667,5,0.86,0.88,0.4230305992273983,0.7285681249877584,0.3063309128008161,0.6042715551267429
diabetes.arff,RegressionRules,0.05823125599999912,0.058222180000029766,0.05823063850402832,4,0,3.0,12,0.85,0.63,0.4021705447673478,0.8183134515721321,0.2884907947081134,0.6458004346233424
diabetes.arff,RegressionExceptionRules,0.19919396599999573,0.19928360400001566,0.1992034912109375,4,0,3.0,12,0.85,0.63,0.4021705447673478,0.8183134515721321,0.2884907947081134,0.6458004346233424
diabetes.arff,DecisionTreeRegressor,0.004309461999980613,0.004310793999991347,0.004309892654418945,7,0,3.5714285714285716,25,0.0,0.0,0.3450925801707258,0.8279606291477896,0.26599999999999996,0.6648717948717949
echomonths.arff,RuleKit,0.06325878600000578,0.1720757619999631,0.07720708847045898,12,0,3.0,36,0.87,0.51,11.427265564378857,12.452833800658714,8.19484072062597,10.201474391294637
echomonths.arff,RegressionRules,0.9366380769999978,0.9381656330000396,0.9367005825042725,14,0,5.0,70,0.88,0.43,11.065540314181534,12.635451185567259,8.204870513625004,10.564476832475103
echomonths.arff,RegressionExceptionRules,4.295682223000028,4.297195762999991,4.295722246170044,14,0,5.0,70,0.88,0.43,11.065540314181534,12.635451185567259,8.204870513625004,10.564476832475103
echomonths.arff,DecisionTreeRegressor,0.007753601000047183,0.007764831999963917,0.0077533721923828125,17,0,4.235294117647059,72,0.0,0.0,8.259393586552369,14.342068497079799,5.530402930402931,11.512820512820513
ele-1.arff,RuleKit,0.06485584800003608,0.1962896659999842,0.12353110313415527,16,0,2.4375,39,0.81,0.77,824.8318076325514,1047.8817933592982,589.3555018063096,703.7595641057842
ele-1.arff,RegressionRules,1.5955711690000385,1.597215073999962,1.595588207244873,16,0,4.875,78,0.77,0.64,834.2885111928078,1054.5807243922,599.9367190401838,708.811507841761
ele-1.arff,RegressionExceptionRules,7.329633079000018,7.332070176999991,7.330175876617432,16,0,4.875,78,0.77,0.64,834.2885111928078,1054.5807243922,599.9367190401838,708.811507841761
ele-1.arff,DecisionTreeRegressor,0.00465749400001414,0.0046719319999510844,0.0046579837799072266,28,0,4.892857142857143,137,0.0,0.0,457.75328107035426,833.4480292623575,308.8059427887462,540.2458685609693
ele-2.arff,RuleKit,0.12427354599998353,2.415388166000014,1.0016255378723145,19,0,2.736842105263158,52,0.8,0.86,689.8276967165722,642.7948745078639,481.1399579281255,448.931988731848
ele-2.arff,RegressionRules,1.8508149589999903,1.85130011199999,1.8508121967315674,21,0,4.904761904761905,103,0.8,0.83,716.1212859835947,672.4196598653882,510.2818075777704,466.8258062644322
ele-2.arff,RegressionExceptionRules,7.480503729999953,7.484735709000006,7.480579853057861,21,0,4.904761904761905,103,0.8,0.83,716.1212859835947,672.4196598653882,510.2818075777704,466.8258062644322
ele-2.arff,DecisionTreeRegressor,0.005406289000006836,0.0054272589999868615,0.00540614128112793,30,0,4.933333333333334,148,0.0,0.0,217.23691931914436,248.01992422743194,154.77307872851503,178.92484831265577
elusage.arff,RuleKit,0.01008473399997456,0.03935804600001802,0.014817237854003906,4,0,1.5,6,0.89,0.97,13.330434443860069,9.76817473091382,8.930198174285641,7.00949944740622
elusage.arff,RegressionRules,0.061401432000025125,0.06143477400001984,0.061400651931762695,6,0,3.8333333333333335,23,0.81,0.85,15.922144657340024,12.056123192004948,9.844115086864127,8.140793692529442
elusage.arff,RegressionExceptionRules,0.22285499999998137,0.2229341569999974,0.2228686809539795,6,0,3.8333333333333335,23,0.81,0.85,15.922144657340024,12.056123192004948,9.844115086864127,8.140793692529442
elusage.arff,DecisionTreeRegressor,0.005502550000016981,0.005499884000016664,0.0055027008056640625,10,0,3.8,38,0.0,0.0,7.87577981752985,14.031748364853724,5.9407342105263155,10.283892156862745
fishcatch.arff,RuleKit,0.05256052800001498,0.14578610699999217,0.06878876686096191,13,0,2.5384615384615383,33,0.86,0.93,195.38565499004036,136.43149847130957,108.7606087388572,99.58336801489475
fishcatch.arff,RegressionRules,1.2613597240000445,1.3333184059999894,1.2613780498504639,16,0,5.0,80,0.81,0.82,195.6493162439973,134.81055384413904,108.25448100457085,100.61645939027399
fishcatch.arff,RegressionExceptionRules,6.792791141000009,6.795275936999985,6.816483736038208,16,0,5.0,80,0.81,0.82,195.6493162439973,134.81055384413904,108.25448100457085,100.61645939027399
fishcatch.arff,DecisionTreeRegressor,0.006288253000036548,0.006300194999994346,0.006288290023803711,23,0,4.782608695652174,110,0.0,0.0,48.63164635725412,121.35520277102985,28.729733044733045,76.41555886243385
forestFires.arff,RuleKit,0.1212500330000239,5.546571699000026,1.1661064624786377,24,0,3.125,75,0.98,0.3,63.97618556213298,61.83538863433805,15.667818119440168,16.348564654504223
forestFires.arff,RegressionRules,7.325147135000009,7.330362627999989,7.325193881988525,26,0,4.846153846153846,126,0.98,0.25,64.02865925391951,62.159360140474014,15.854241762354567,16.43581839478554
forestFires.arff,RegressionExceptionRules,32.99095642399999,33.00227608100005,32.995301723480225,26,0,4.846153846153846,126,0.98,0.25,64.02865925391951,62.159360140474014,15.854241762354567,16.43581839478554
forestFires.arff,DecisionTreeRegressor,0.008487957999989248,0.00849781699992036,0.008487939834594727,17,0,4.411764705882353,75,0.0,0.0,52.94670134618059,71.07897956367515,14.854110594238017,20.702018690355228
friedman.arff,RuleKit,0.31224769099998184,15.64995554799998,2.7764220237731934,123,0,4.008130081300813,493,0.79,0.24,3.6741277009189903,4.145960367424328,2.9231131960907986,3.273609616880966
friedman.arff,RegressionRules,160.838059854,160.89721711800007,160.8749873638153,137,0,4.905109489051095,672,0.77,0.25,4.006457166259944,4.266711323147611,3.181486290320014,3.415616650854041
friedman.arff,RegressionExceptionRules,621.653043957,621.8792960459999,621.7777042388916,98,34,3.663265306122449,359,0.74,0.31,3.9194443322466292,4.163570784256445,3.1263304546544033,3.3340136434431544
friedman.arff,DecisionTreeRegressor,0.008056278999902133,0.008159742999851005,0.008056163787841797,31,0,4.967741935483871,154,0.0,0.0,2.3298103854249224,3.099596489615542,1.8238791372603014,2.461512505404666
fruitfly.arff,RuleKit,0.04969592299994474,0.21120923799981028,0.06574249267578125,15,0,2.466666666666667,37,0.85,0.29,15.092781322579386,16.5652069369374,10.478293288863291,12.330132980996842
fruitfly.arff,RegressionRules,0.2403541060000407,0.48042323799995756,0.24035215377807617,15,0,4.466666666666667,67,0.8,0.21,15.652680514870548,15.931677962851303,10.778148519509712,12.033341926539944
fruitfly.arff,RegressionExceptionRules,1.015728271000171,1.1123502540001482,1.0157310962677002,15,0,4.466666666666667,67,0.8,0.21,15.652680514870548,15.931677962851303,10.778148519509712,12.033341926539944
fruitfly.arff,DecisionTreeRegressor,0.005398213999797008,0.005409574999930555,0.005397796630859375,18,0,4.555555555555555,82,0.0,0.0,13.442842063221857,19.064637858261737,9.510892172961139,14.501315789473686
gascons.arff,RuleKit,0.011064383999837446,0.02929259299980913,0.013529539108276367,3,0,1.0,3,0.79,0.78,17.712236962289783,28.025630073971296,13.727466172261256,21.33809523809524
gascons.arff,RegressionRules,0.0628323650000766,0.06285834200002682,0.06283187866210938,4,0,3.0,12,0.79,0.86,20.386775487102238,21.906186547166545,14.618518518518519,15.983310905013033
gascons.arff,RegressionExceptionRules,0.2226328020001347,0.22267312999997557,0.22263097763061523,4,0,3.0,12,0.79,0.86,20.386775487102238,21.906186547166545,14.618518518518519,15.983310905013033
gascons.arff,DecisionTreeRegressor,0.004432833999999275,0.004432963999988715,0.0044329166412353516,5,0,2.4,12,0.0,0.0,7.967754458510319,15.016753771276953,7.016296296296297,13.382222222222225
housing.arff,RuleKit,0.12423010099996645,5.359859218999873,1.638092041015625,30,0,3.8666666666666667,116,0.87,0.61,4.6113586650970975,4.620495962374162,3.111302104203361,3.32224571229623
housing.arff,RegressionRules,16.846378421000054,16.855024189000005,16.849381923675537,32,0,5.0,160,0.86,0.59,4.705602225510064,4.502008724315694,3.2024833398529076,3.2341324241893745
housing.arff,RegressionExceptionRules,92.08514511300018,92.1252259979999,92.09532165527344,31,1,4.870967741935484,151,0.86,0.59,4.713618934864275,4.482705192574551,3.2183276439984017,3.2334096327914073
housing.arff,DecisionTreeRegressor,0.009883064999939961,0.009966792000113855,0.00988316535949707,21,0,4.619047619047619,97,0.0,0.0,2.978356019836119,3.3876854923489494,2.133033860324018,2.4928095505355943
kidney.arff,RuleKit,0.043104432999825804,0.11607915299987326,0.05681610107421875,9,0,2.6666666666666665,24,0.83,0.44,0.49283625052042707,0.6068649473304076,0.360138938573738,0.4298980363334449
kidney.arff,RegressionRules,0.15719045199989523,0.15722260300003654,0.15718913078308105,8,0,4.375,35,0.79,0.35,0.615016865257264,0.6975737032616195,0.42294061147802176,0.5156414155076052
kidney.arff,RegressionExceptionRules,0.682561645000078,0.6875014780000583,0.6825556755065918,8,0,4.375,35,0.79,0.35,0.615016865257264,0.6975737032616195,0.42294061147802176,0.5156414155076052
kidney.arff,DecisionTreeRegressor,0.0055488859998149564,0.005553524999868387,0.005548715591430664,14,0,4.071428571428571,57,0.0,0.0,0.33560702536105835,0.8722487457119873,0.24867924528301882,0.6659420289855071
laser.arff,RuleKit,0.20304793099990093,2.6835423619997982,1.339754581451416,56,0,3.5535714285714284,199,0.84,0.61,29.72114688756231,30.934465357076082,21.861051358261204,24.023608259138804
laser.arff,RegressionRules,15.473670027000026,15.48022449300015,15.473764181137085,58,0,4.913793103448276,285,0.83,0.6,29.857385083036927,31.64594245226558,21.894981139454536,24.46334936833645
laser.arff,RegressionExceptionRules,72.73334819999991,72.7582760549999,72.73681497573853,58,0,4.913793103448276,285,0.83,0.6,29.857385083036927,31.64594245226558,21.894981139454536,24.46334936833645
laser.arff,DecisionTreeRegressor,0.006425629999966986,0.006453713000155403,0.006425380706787109,30,0,4.933333333333334,148,0.0,0.0,11.904845171166203,16.688171034246846,7.547388763780029,9.789244850787842
longley.arff,RuleKit,0.00820514700012609,0.029157140000052095,0.009975194931030273,2,0,1.0,2,0.63,1.0,1607.5879202121796,1628.9652999509972,1357.563636363636,1566.693333333332
longley.arff,RegressionRules,0.02794768200010367,0.02794828400010374,0.027947187423706055,2,0,1.5,3,0.6,1.0,1928.611370437761,2204.0340505536656,1562.327272727272,2058.6399999999994
longley.arff,RegressionExceptionRules,0.07970182099984413,0.07975061299998742,0.07970094680786133,2,0,1.5,3,0.6,1.0,1928.611370437761,2204.0340505536656,1562.327272727272,2058.6399999999994
longley.arff,DecisionTreeRegressor,0.006456197999796132,0.006454565000012735,0.006455898284912109,3,0,1.6666666666666667,5,0.0,0.0,1542.666389041645,1440.5411149981119,1338.7151515151518,1321.7600000000007
lowbwt.arff,RuleKit,0.051140271999884135,0.1768194589999439,0.06530594825744629,9,0,3.6666666666666665,33,0.77,0.65,436.54533565206873,438.18377290176306,351.3311765357971,359.15954303740614
lowbwt.arff,RegressionRules,0.3924097789999905,0.4482964070000435,0.3924064636230469,11,0,4.909090909090909,54,0.79,0.6,460.9443309232918,507.61325093039017,362.1851552166317,398.84959867070626
lowbwt.arff,RegressionExceptionRules,1.4355613489999541,1.4360313609997775,1.435713768005371,11,0,4.909090909090909,54,0.79,0.6,460.9443309232918,507.61325093039017,362.1851552166317,398.84959867070626
lowbwt.arff,DecisionTreeRegressor,0.00845195099986995,0.008453823999843735,0.008451461791992188,20,0,4.45,89,0.0,0.0,350.36114530520877,506.67813319628567,259.5052724211815,391.54500265816046
machine.arff,RuleKit,0.05497903200011933,0.17286559499984833,0.06588220596313477,12,0,2.4166666666666665,29,0.91,0.72,54.62078092211101,168.3516509279832,29.861572406163745,73.05113047669448
machine.arff,RegressionRules,0.6444713710000087,0.6571011089999956,0.6444761753082275,14,0,4.714285714285714,66,0.88,0.67,58.673998628468794,199.4640376939031,34.74279146503317,81.09985139163129
machine.arff,RegressionExceptionRules,2.316609284999913,2.3178019140000288,2.3166751861572266,13,1,4.384615384615385,57,0.88,0.69,59.30733110120819,184.3024632279046,34.9387104397198,78.89857093356842
machine.arff,DecisionTreeRegressor,0.005437728000060815,0.005529750000050626,0.0054378509521484375,17,0,4.352941176470588,74,0.0,0.0,29.160143971782656,169.93500030522014,18.037794118616034,65.84183558945463
mbagrade.arff,RuleKit,0.012177616999906604,0.03444895300003736,0.01584005355834961,5,0,1.8,9,0.76,0.58,0.3128205482129182,0.34599268160165053,0.2500334178968506,0.26468921524411515
mbagrade.arff,RegressionRules,0.04050943099991855,0.0405191099998774,0.04050898551940918,6,0,3.8333333333333335,23,0.72,0.42,0.3114103829005001,0.3138561181755992,0.2488153154195158,0.22471103896641098
mbagrade.arff,RegressionExceptionRules,0.151173197999924,0.15121835500008274,0.15117192268371582,6,0,3.8333333333333335,23,0.72,0.42,0.3114103829005001,0.3138561181755992,0.2488153154195158,0.22471103896641098
mbagrade.arff,DecisionTreeRegressor,0.004676138999911927,0.004680998999901931,0.0046765804290771484,8,0,3.5,28,0.0,0.0,0.285277172178193,0.2541801516123638,0.217728231292517,0.20437894736842113
meta.arff,RuleKit,0.10771875399996134,1.147135574999993,0.6761982440948486,10,0,2.0,20,0.99,0.68,905.8769440213181,126.61801986278613,127.84959351159408,58.481544795278865
meta.arff,RegressionRules,2.073765147000131,2.0744206029999077,2.073908567428589,14,0,5.0,70,0.99,0.49,904.9686050054182,127.7739288178956,126.03410350163603,55.758226480988256
meta.arff,RegressionExceptionRules,7.989490680000017,7.992717968000079,7.9901344776153564,14,0,5.0,70,0.99,0.49,904.9686050054182,127.7739288178956,126.03410350163603,55.758226480988256
meta.arff,DecisionTreeRegressor,0.014484443999890573,0.014496126000040022,0.014484167098999023,11,0,4.181818181818182,46,0.0,0.0,829.7510324179698,367.665571367737,151.30266862750904,118.33053374497204
mortgage.arff,RuleKit,0.22000226999989536,10.243654777999836,1.3533852100372314,49,0,4.204081632653061,206,0.86,0.87,0.7877879817959802,0.8117659058673351,0.5635201154594212,0.5903925051019373
mortgage.arff,RegressionRules,125.255508685,125.29227240699993,125.30178093910217,49,0,5.0,245,0.86,0.84,0.7744742837301078,0.8150754625340422,0.5391872528553484,0.5727240492224397
mortgage.arff,RegressionExceptionRules,781.969781838,783.0149898259999,782.8035562038422,49,1,5.0,245,0.86,0.84,0.7744742837301078,0.8150754625340422,0.5391872528553484,0.5727240492224397
mortgage.arff,DecisionTreeRegressor,0.012930188999689562,0.013002173000131734,0.012930154800415039,32,0,5.0,160,0.0,0.0,0.21555524691313568,0.34261373577969007,0.1663440731479284,0.23108398814492379
ozone.arff,RuleKit,0.08625752500029193,1.2144710970001142,0.6647663116455078,22,0,3.3636363636363638,74,0.86,0.61,5.0710897601755445,4.827166173352448,3.894819729164363,3.6705817803912444
ozone.arff,RegressionRules,3.6278496820000328,3.6292922150000777,3.629315137863159,23,0,5.0,115,0.85,0.59,5.085377214672196,4.610042929618177,3.9097318315439584,3.5337244744243534
ozone.arff,RegressionExceptionRules,15.890734141999928,15.895582425000157,15.89376950263977,23,0,5.0,115,0.85,0.59,5.085377214672196,4.610042929618177,3.9097318315439584,3.5337244744243534
ozone.arff,DecisionTreeRegressor,0.006086163999952987,0.006099348999669019,0.006085872650146484,27,0,4.851851851851852,131,0.0,0.0,3.13123460436556,4.562075516998375,2.2908859341770706,3.52163899822702
pbc.arff,RuleKit,0.20069579399978466,2.3027345680002327,0.9217929840087891,50,0,3.52,176,0.85,0.23,842.1676859244114,1036.4661261468677,651.3983100754697,800.1177412662886
pbc.arff,RegressionRules,14.63246262199982,14.638154677999864,14.635055541992188,52,0,4.980769230769231,259,0.84,0.21,869.204837174697,1052.8951005261958,655.8180069338335,819.9685236384618
pbc.arff,RegressionExceptionRules,84.20569963600019,84.23378209500015,84.21712636947632,49,2,4.877551020408164,239,0.84,0.22,875.0187731350644,1023.7940820997779,671.0324421798623,804.9847987306077
pbc.arff,DecisionTreeRegressor,0.012425572000211105,0.012545018000309938,0.012425422668457031,24,0,4.666666666666667,112,0.0,0.0,701.9303214918874,1131.8517697684817,537.1468752141999,879.5125356790389
pharynx.arff,RuleKit,0.06867257899966717,0.2740354729999126,0.17419958114624023,14,0,2.642857142857143,37,0.85,0.46,298.7620387228204,321.4082181084894,227.03260528904192,247.32229304706985
pharynx.arff,RegressionRules,0.6064808050000465,0.606655993000004,0.60662841796875,17,0,4.647058823529412,79,0.83,0.37,308.53340496504643,327.05981111092126,234.85214223369235,251.2197552002675
pharynx.arff,RegressionExceptionRules,2.533816291000221,2.5351599529999476,2.534000873565674,17,0,4.647058823529412,79,0.83,0.37,308.53340496504643,327.05981111092126,234.85214223369235,251.2197552002675
pharynx.arff,DecisionTreeRegressor,0.01223923299994567,0.0122616650000964,0.01223897933959961,22,0,4.545454545454546,100,0.0,0.0,203.26648992427505,318.1314304951937,149.2831804089157,243.69137573035877
plastic.arff,RuleKit,0.30315309399975376,2.3910490329999448,1.4149506092071533,101,0,2.1683168316831685,219,0.86,0.16,2.1037038883962795,2.1453381294293625,1.715341713582293,1.6888989502747456
plastic.arff,RegressionRules,12.725791240000035,12.730423010999857,12.726307392120361,144,0,4.868055555555555,701,0.8,0.13,2.0950344221409436,2.177078401433695,1.7126560972247051,1.7191747527905803
plastic.arff,RegressionExceptionRules,72.37250668199977,72.39700614699996,72.40911364555359,141,22,4.567375886524823,644,0.8,0.15,2.1660894159063084,2.2100749384505685,1.78385235537016,1.7604153261455087
plastic.arff,DecisionTreeRegressor,0.006711988000006386,0.006851268999980675,0.006711721420288086,31,0,4.967741935483871,154,0.0,0.0,1.944501907563458,2.0832252357282908,1.5491550871666682,1.6451179899616153
pollution.arff,RuleKit,0.04543837699975484,0.09597190200020123,0.056481122970581055,7,0,2.142857142857143,15,0.8,0.49,37.71126424435384,61.70744779021506,28.79584948946704,46.84536589690181
pollution.arff,RegressionRules,0.7279456579999533,0.7284807259998161,0.7279467582702637,8,0,4.25,34,0.73,0.46,37.50291022454233,74.70096455375119,28.262852855403906,60.606976998629925
pollution.arff,RegressionExceptionRules,3.1546418549996815,3.155602938999891,3.15482234954834,8,2,3.75,30,0.78,0.5,34.43178160122844,67.95550324114707,25.536472073544967,56.2875237124098
pollution.arff,DecisionTreeRegressor,0.007095606999882875,0.007181387999935396,0.0070955753326416016,11,0,3.727272727272727,41,0.0,0.0,19.20121465150718,61.02421477665866,15.404643650793648,47.55953425925929
pwlinear.arff,RuleKit,0.05671115599989207,0.7954610259998844,0.14109587669372559,13,0,3.4615384615384617,45,0.77,0.37,3.745191253604752,3.2339459918316495,2.8580331624232476,2.7511584933402005
pwlinear.arff,RegressionRules,0.2877044769998065,0.44672199400019963,0.2877016067504883,25,0,5.0,125,0.79,0.26,3.0448163751865565,2.9238922697884755,2.3861599347729805,2.412478748038765
pwlinear.arff,RegressionExceptionRules,0.8536742969999978,0.8558941659998709,0.8536922931671143,25,2,4.84,121,0.79,0.27,3.03539673903274,2.8082875752572054,2.36827073267313,2.292499838867343
pwlinear.arff,DecisionTreeRegressor,0.006359175999932631,0.006450567000229057,0.006358623504638672,25,0,4.72,118,0.0,0.0,1.3391229418383337,1.8730798649805975,1.0205844322344324,1.445927777777778
pyrim.arff,RuleKit,0.04749800800027515,0.12478592800016486,0.06190156936645508,6,0,2.6666666666666665,16,0.85,0.67,0.07191640044478237,0.15961089946972135,0.05655969790416487,0.10783624144119199
pyrim.arff,RegressionRules,0.14901970999972036,0.1508206550001887,0.1490311622619629,6,0,4.0,24,0.8,0.59,0.07709021681701424,0.15644509090157768,0.060055331270557864,0.10400812276768903
pyrim.arff,RegressionExceptionRules,0.512772434999988,0.512951608000094,0.5127835273742676,6,0,4.0,24,0.8,0.59,0.07709021681701424,0.15644509090157768,0.060055331270557864,0.10400812276768903
pyrim.arff,DecisionTreeRegressor,0.010197434000019712,0.010195099000156915,0.010197639465332031,13,0,4.0,52,0.0,0.0,0.04221154706809918,0.15334632518211808,0.03288169934640522,0.08956014492753624
sensory.arff,RuleKit,0.13662263700007315,5.249692405999667,2.6235768795013428,46,0,2.5869565217391304,119,0.78,0.1,0.7379538324383033,0.7982598337500628,0.576134015996301,0.6555748909017715
sensory.arff,RegressionRules,0.9913519860001543,0.992178617999798,0.9913756847381592,69,0,4.434782608695652,306,0.71,0.04,0.7909340459634593,1.1598255901428727,0.5864866548981236,0.7063861106907554
sensory.arff,RegressionExceptionRules,2.9601756560000467,2.961217599000065,2.960501194000244,70,8,4.271428571428571,299,0.71,0.05,0.8082915765318528,0.8206191206396013,0.6036214559110065,0.6573229010802124
sensory.arff,DecisionTreeRegressor,0.011663202999898203,0.01175007599977107,0.011663198471069336,32,0,5.0,160,0.0,0.0,0.6337218951469782,0.7007149575074948,0.5014263454212383,0.5469488148779719
servo.arff,RuleKit,0.028044755000337318,0.07387829499975851,0.03955197334289551,14,0,1.5714285714285714,22,0.74,0.41,0.777627385353336,0.9391860704713774,0.46497067456023167,0.6330308401557483
servo.arff,RegressionRules,0.07211116600001333,0.07214303699993252,0.07211041450500488,17,0,2.176470588235294,37,0.65,0.31,0.837380030101573,1.021084989016949,0.4721279350857355,0.6632543758017462
servo.arff,RegressionExceptionRules,0.18155573700005334,0.18160216300020693,0.1815645694732666,17,0,2.176470588235294,37,0.65,0.31,0.837380030101573,1.021084989016949,0.4721279350857355,0.6632543758017462
servo.arff,DecisionTreeRegressor,0.008080734000031953,0.008086254999852827,0.008080244064331055,20,0,4.5,90,0.0,0.0,0.38496675024862037,0.7339367409384031,0.21046348731211317,0.3705466864217482
stock.arff,RuleKit,0.1858023529998718,7.885994869000115,2.5784614086151123,61,0,4.081967213114754,249,0.88,0.63,3.3816225023667985,3.6084055295042314,2.283568853391462,2.5272363074840207
stock.arff,RegressionRules,32.918513766999695,32.932736316000046,32.91990351676941,62,0,4.967741935483871,308,0.87,0.62,3.138486627222351,3.415475008776911,2.225460094682983,2.520400035824225
stock.arff,RegressionExceptionRules,159.80540365100023,159.87334512899997,159.8766326904297,57,9,4.368421052631579,249,0.86,0.63,3.177465564378357,3.423938665202658,2.323447071974703,2.555071070771653
stock.arff,DecisionTreeRegressor,0.009699681000256533,0.009774691000075109,0.009699583053588867,32,0,5.0,160,0.0,0.0,1.2790605627791782,1.6578701963041982,0.9309653874862439,1.2073612401242575
strike.arff,RuleKit,0.11093457500010118,2.3828864059996704,1.2886452674865723,34,0,2.8529411764705883,97,0.94,0.4,519.4203932479893,565.9100648561572,220.27132979892608,263.8534195604152
strike.arff,RegressionRules,4.220447340999726,4.221934144999977,4.220673084259033,36,0,4.916666666666667,177,0.92,0.35,512.7650158695119,560.3991383451985,210.07694021831165,259.0447104337439
strike.arff,RegressionExceptionRules,19.570320297000308,19.576691312000094,19.59797501564026,36,2,4.833333333333333,174,0.93,0.37,520.5825701826153,562.2339870875768,223.07423412321947,259.80521455974434
strike.arff,DecisionTreeRegressor,0.007001730999945721,0.007089937000273494,0.0070018768310546875,25,0,4.8,120,0.0,0.0,407.3782196675875,496.1383255400517,179.5745146661268,227.44473238679828
treasury.arff,RuleKit,0.33263350400011404,16.21389662999991,2.9507110118865967,62,0,3.370967741935484,209,0.9,0.91,1.2826628368417845,1.2292852236285012,0.7878149615254345,0.7309812113104055
treasury.arff,RegressionRules,166.1064066439999,166.18187601,166.11838102340698,65,0,4.938461538461539,321,0.89,0.88,1.3465371485670965,1.3090934386089104,0.807091341952774,0.7498618811655791
treasury.arff,RegressionExceptionRules,975.3509671399997,975.7560279409995,975.514794588089,63,1,4.825396825396825,304,0.89,0.88,1.3438680501392561,1.3070971397271915,0.8018098769522736,0.7453695986460189
treasury.arff,DecisionTreeRegressor,0.01462123999999676,0.01469132200054446,0.014621257781982422,31,0,4.967741935483871,154,0.0,0.0,0.22999727031518233,0.40201361528512203,0.16408275964789146,0.23457848861839461
triazines.arff,RuleKit,0.15221983199990063,7.331281755999953,0.19076800346374512,18,0,3.3333333333333335,60,0.84,0.3,0.12425118324540943,0.1370306919552007,0.08518744494577819,0.09058232641546045
triazines.arff,RegressionRules,0.7948660679999193,0.7951941450000959,0.7949991226196289,18,0,4.444444444444445,80,0.83,0.33,0.13829681085906412,0.1567696478397217,0.09720351015408443,0.10154981933437647
triazines.arff,RegressionExceptionRules,3.369548008000038,3.371130388999518,3.3695812225341797,18,1,4.277777777777778,77,0.83,0.33,0.13827512566355663,0.15628123501881744,0.09691020235980231,0.10086796090992986
triazines.arff,DecisionTreeRegressor,0.017403978999936953,0.01748410900017916,0.017403841018676758,20,0,4.5,90,0.0,0.0,0.09512234949593272,0.15276339850110282,0.06775344322344323,0.09629787414965987
veteran.arff,RuleKit,0.047167199999876175,0.13137549700059026,0.06244468688964844,12,0,2.75,33,0.87,0.37,146.0772866821394,156.7476598703206,86.07245623301807,78.19631940140428
veteran.arff,RegressionRules,0.2695221170001787,0.2696634920002907,0.2695198059082031,12,0,4.666666666666667,56,0.85,0.31,149.0237785425976,153.68543159014544,84.92981259991186,74.7936480517592
veteran.arff,RegressionExceptionRules,1.072057889000007,1.0724677200005317,1.0720601081848145,12,0,4.666666666666667,56,0.85,0.31,149.0237785425976,153.68543159014544,84.92981259991186,74.7936480517592
veteran.arff,DecisionTreeRegressor,0.008188095999685174,0.008196371000849467,0.008188247680664062,19,0,4.526315789473684,86,0.0,0.0,104.33434922130014,192.21899164180363,64.32679425837321,113.75963203463202
wankara.arff,RuleKit,0.3272385660002328,7.235672228999647,2.163970708847046,83,0,4.132530120481928,343,0.76,0.82,4.6814612118475845,4.601000658512322,3.5031760794037243,3.508748965516653
wankara.arff,RegressionRules,51.52848668700017,51.54711735099954,51.57959699630737,85,0,5.0,425,0.76,0.81,5.248453788030583,4.990594129850283,3.915598122250553,3.784022873117882
wankara.arff,RegressionExceptionRules,238.69992039200042,238.78248440300013,238.79964590072632,78,4,4.846153846153846,378,0.75,0.82,5.282856109174389,4.9989390824014635,3.945041886847096,3.792736170460109
wankara.arff,DecisionTreeRegressor,0.009545060999698762,0.009627745999750914,0.009545087814331055,32,0,5.0,160,0.0,0.0,2.0368373933683053,2.475596237770541,1.6055810369362027,1.9662525238628437
wizmir.arff,RuleKit,0.23985814699972252,2.978031335000196,1.4370555877685547,67,0,4.223880597014926,283,0.74,0.82,5.125940304220826,5.092779091386342,3.9446722792587887,3.9612587907990395
wizmir.arff,RegressionRules,41.204788812000515,41.21987411400005,41.20619535446167,71,0,5.0,355,0.74,0.81,5.063862389417502,5.040585254244589,3.8907993575412263,3.916738297815077
wizmir.arff,RegressionExceptionRules,190.61120755899992,190.6759974810002,190.65420198440552,67,2,4.895522388059701,328,0.73,0.82,5.083158620332132,5.0558417132404285,3.9194303300932436,3.9414464480613485
wizmir.arff,DecisionTreeRegressor,0.00991571600025054,0.009991979000005813,0.009915351867675781,32,0,5.0,160,0.0,0.0,1.7237353591875297,2.1550164775166443,1.3508923722197246,1.6687255592626462
